cfbref_id,pfr_id,av,season,pick,age,predicted_av,our_ranking,real_ranking,nfl_ranking
vinny-testaverde-1,TestVi00,32.000000,1987,  1,23,18.7256080, 1, 3, 1
kelly-stouffer-1,StouKe00, 5.000000,1987,  6,23, 1.4787866, 8, 6, 2
chris-miller-4,MillCh00,37.000000,1987, 13,22,11.3442241, 3, 1, 3
jim-harbaugh-1,HarbJi00,30.000000,1987, 26,23,13.2439512, 2, 4, 4
cody-carlson-1,CarlCo00, 5.000000,1987, 64,23, 1.4682963, 9, 7, 5
mark-vlasic-1,VlasMa00, 3.000000,1987, 88,23, 3.8383343, 5, 8, 6
steve-beuerlein-1,BeueSt00,15.000000,1987,110,22, 2.8388650, 6, 5, 7
kevin-sweeney-1,SweeKe00, 2.000000,1987,180,23, 0.4600638,10, 9, 8
sammy-garza-1,GarzSa20, 1.000000,1987,216,22, 4.9861922, 4,10, 9
don-majkowski-1,MajkDo00,36.000000,1987,255,23, 2.0680859, 7, 2,10
tom-tupa-1,TupaTo20, 0.000000,1988, 68,22,19.0512910, 1, 3, 1
chris-chandler-1,ChanCh00,25.000000,1988, 76,22, 9.0439910, 3, 1, 2
scott-secules-1,SecuSc00, 2.000000,1988,151,23,13.4784252, 2, 2, 3
kerwin-bell-2,BellKe00, 0.000000,1988,180,23, 6.0775826, 4, 4, 4
troy-aikman-1,AikmTr00,54.000000,1989,  1,22,20.4992376, 1, 1, 1
mike-elkins-1,ElkiMi00, 0.000000,1989, 32,23, 1.1609909, 6, 7, 2
billy-joe-tolliver-1,TollBi00,17.000000,1989, 51,23,11.2293487, 2, 3, 3
anthony-dilweg-1,DilwAn00, 4.000000,1989, 74,24, 0.8370398, 7, 4, 4
erik-wilhelm-1,WilhEr00, 3.000000,1989, 83,23, 6.8694171, 4, 5, 5
jeff-francis-1,FranJe20, 0.000000,1989,140,23, 1.4602021, 5, 6, 6
rodney-peete-1,PeetRo00,35.000000,1989,141,23, 9.7274894, 3, 2, 7
jeff-george-1,GeorJe00,33.000000,1990,  1,22,20.1883547, 3, 2, 1
andre-ware-1,WareAn00, 5.000000,1990,  7,22,33.0999175, 1, 4, 2
tommy-hodson-1,HodsTo00, 4.000000,1990, 59,23,15.7389049, 4, 5, 3
peter-tom-willis-1,WillPe00, 4.000000,1990, 63,23, 9.8086670, 6, 6, 4
neil-odonnell-1,ODonNe00,35.000000,1990, 70,24, 5.4050428, 8, 1, 5
troy-taylor-1,TaylTr00, 0.000000,1990, 84,22,12.7471646, 5, 8, 6
cary-conklin-1,ConkCa00, 1.000000,1990, 86,22, 6.8729002, 7, 7, 7
scott-mitchell-2,MitcSc00,11.000000,1990, 93,22,29.7844028, 2, 3, 8
dan-mcgwire-1,McGwDa00, 2.000000,1991, 16,23,10.8912593, 5, 6, 1
todd-marinovich-1,MariTo00, 3.000000,1991, 24,22,24.2216153, 1, 3, 2
brett-favre-1,FavrBr00,60.000000,1991, 33,21,12.8970324, 4, 1, 3
browning-nagle-1,NaglBr00, 5.000000,1991, 34,23,13.2162228, 3, 2, 4
scott-zolak-1,ZolaSc00, 3.000000,1991, 84,23, 8.3902158, 6, 4, 5
donald-hollas-1,HollDo00, 3.000000,1991, 99,23, 3.8406797, 9, 5, 6
bill-musgrave-1,MusgBi00, 0.000000,1991,106,23, 6.1581807, 8, 9, 7
paul-justin-1,JustPa00, 1.000000,1991,190,23, 6.6503221, 7, 8, 8
shawn-moore-1,MoorSh00, 1.000000,1991,284,23,20.4305778, 2, 7, 9
david-klingler-1,KlinDa00,11.000000,1992,  6,23, 3.6416296,13, 2, 1
tommy-maddox-1,MaddTo00, 2.000000,1992, 25,21,13.1009775, 4, 8, 2
matt-blundin-1,BlunMa00, 0.000000,1992, 40,23, 5.4284185,10,13, 3
tony-sacca-1,SaccTo00, 0.000000,1992, 46,22,11.5434424, 6,12, 4
craig-erickson-1,EricCr00, 0.000000,1992, 86,23,11.7773350, 5,11, 5
casey-weldon-1,WeldCa00, 1.000000,1992,102,23, 7.0957544, 7, 9, 6
will-furrer-1,FurrWi00, 1.000000,1992,107,24, 4.3155972,12,10, 7
jeff-blake-2,BlakJe00,37.000000,1992,166,21,22.9364356, 2, 1, 8
kent-graham-1,GrahKe00, 8.000000,1992,211,23, 4.7953911,11, 5, 9
bucky-richardson-1,RichBu00, 3.000000,1992,220,23,23.3212207, 1, 7,10
brad-johnson-2,JohnBr00, 8.000000,1992,227,23, 5.7963762, 9, 4,11
tj-rubley-1,RublTJ00, 5.000000,1992,228,23, 5.9929092, 8, 6,12
ty-detmer-1,DetmTy00,10.000000,1992,230,24,18.8286027, 3, 3,13
drew-bledsoe-1,BledDr00,57.000000,1993,  1,21,21.9744818, 1, 1, 1
rick-mirer-1,MireRi00,31.000000,1993,  2,23,11.9435926, 6, 3, 2
billy-joe-hobert-1,HobeBi00, 5.000000,1993, 58,22,20.2432820, 2, 5, 3
mark-brunell-1,BrunMa00,40.000000,1993,118,22,19.2923602, 3, 2, 4
gino-torretta-1,ToreGi00, 0.000000,1993,192,23,13.8468345, 5, 7, 5
alex-van-pelt-1,VanPAl00, 2.000000,1993,216,23,11.8141310, 7, 6, 6
elvis-grbac-1,GrbaEl00,20.000000,1993,219,23,17.8385861, 4, 4, 7
trent-green-1,GreeTr00, 0.000000,1993,222,23,10.4232087, 8, 8, 8
heath-shuler-1,ShulHe00, 6.000000,1994,  3,22,21.6972867, 1, 4, 1
trent-dilfer-1,DilfTr00,37.000000,1994,  6,22,17.6175191, 2, 1, 2
perry-klein-1,KleiPe20, 0.000000,1994,111,23, 7.7164353, 6, 8, 3
jim-miller-7,MillJi00, 1.000000,1994,178,23, 3.6770345, 8, 6, 4
gus-frerotte-1,FrerGu00,34.000000,1994,197,23, 9.1836936, 4, 2, 5
jay-walker-1,WalkJa22, 0.000000,1994,198,22,12.8221966, 3, 7, 6
steve-matthews-1,MattSt00, 1.000000,1994,199,23, 7.7604787, 5, 5, 7
glenn-foley-1,FoleGl00, 7.000000,1994,208,23, 4.9243401, 7, 3, 8
kerry-collins-1,CollKe00,28.000000,1995,  5,22,20.9405167, 4, 2, 1
todd-collins-1,CollTo00, 9.000000,1995, 45,23, 9.0883131, 8, 3, 2
kordell-stewart-1,StewKo00,36.000000,1995, 60,22,29.4348292, 2, 1, 3
stoney-case-1,CaseSt00, 2.000000,1995, 80,23,13.1545838, 5, 7, 4
eric-zeier-1,ZeieEr00, 5.000000,1995, 84,23,31.8672839, 1, 6, 5
rob-johnson-1,JohnRo00, 8.000000,1995, 99,22,25.7997264, 3, 4, 6
dave-barr-1,BarrDa20, 0.000000,1995,119,23,10.7107183, 6, 9, 7
steve-stenstrom-1,StenSt00, 6.000000,1995,134,23, 9.6352240, 7, 5, 8
craig-whelihan-1,WhelCr00, 1.000000,1995,197,24, 0.2144130, 9, 8, 9
tony-banks-1,BankTo00,38.000000,1996, 42,23,12.6655994, 2, 1, 1
bobby-hoying-1,HoyiBo00, 2.000000,1996, 85,23, 5.3464246, 3, 3, 2
danny-kanell-1,KaneDa00,13.000000,1996,130,22,23.4372944, 1, 2, 3
jim-druckenmiller-1,DrucJi00, 1.000000,1997, 26,24, 7.6304345, 4, 4, 1
jake-plummer-1,PlumJa00,40.000000,1997, 42,22, 7.2670303, 6, 1, 2
danny-wuerffel-1,WuerDa00, 4.000000,1997, 99,23, 7.6433424, 3, 2, 3
pat-barnes-1,BarnPa20, 0.000000,1997,110,22,14.2852385, 1, 6, 4
mike-cherry-1,CherMi00, 0.000000,1997,171,23, 7.2034521, 7, 8, 5
chuck-clements-1,ClemCh21, 0.000000,1997,191,23, 5.8629461, 9, 9, 6
tony-graziani-1,GrazTo00, 3.000000,1997,204,23,12.2624727, 2, 3, 7
koy-detmer-1,DetmKo00, 1.000000,1997,207,24, 6.1740455, 8, 5, 8
wally-richardson-1,RichWa00, 0.000000,1997,234,23, 7.5356049, 5, 7, 9
peyton-manning-1,MannPe00,76.000000,1998,  1,22,36.3278620, 1, 1, 1
ryan-leaf-1,LeafRy00, 1.000000,1998,  2,22,27.8289746, 2, 6, 2
charlie-batch-1,BatcCh00,31.000000,1998, 60,23,11.8819675, 5, 3, 3
jonathan-quinn-1,QuinJo00, 3.000000,1998, 86,23,13.3263232, 3, 5, 4
brian-griese-1,GrieBr00,44.000000,1998, 91,23,12.0899823, 4, 2, 5
matt-hasselbeck-1,HassMa00,18.000000,1998,187,22,11.7211842, 6, 4, 6
moses-moreno-1,MoreMo00, 1.000000,1998,232,23, 8.3919954, 7, 7, 7
tim-couch-1,CoucTi00,33.000000,1999,  1,22,17.8973880, 4, 4, 1
donovan-mcnabb-1,McNaDo00,55.000000,1999,  2,22,34.3382026, 2, 2, 2
akili-smith-1,SmitAk00, 2.000000,1999,  3,24, 3.6763955,10, 8, 3
daunte-culpepper-1,CulpDa00,64.000000,1999, 11,22,53.3137637, 1, 1, 4
cade-mcnown-1,McNoCa00, 8.000000,1999, 12,22,17.8520627, 5, 6, 5
shaun-king-1,KingSh00,18.000000,1999, 50,22,22.5825809, 3, 5, 6
brock-huard-1,HuarBr00, 2.000000,1999, 77,23, 9.8079691, 6, 7, 7
joe-germaine-1,GermJo00, 1.000000,1999,101,24, 2.9577008,11, 9, 8
aaron-brooks-1,BrooAa00,52.000000,1999,131,23, 8.1892667, 8, 3, 9
michael-bishop-1,BishMi00, 0.000000,1999,227,23, 8.2493890, 7,10,10
scott-covington-1,CoviSc00, 0.000000,1999,245,23, 5.0659762, 9,11,11
chad-pennington-1,PennCh01,29.000000,2000, 18,24,15.8500325, 2, 3, 1
chris-redman-1,RedmCh00, 3.000000,2000, 75,23, 1.4719245, 8, 5, 2
tee-martin-1,MartTe00, 0.000000,2000,163,22,20.0068511, 1, 7, 3
marc-bulger-1,BulgMa00,30.000000,2000,168,23, 1.3640689, 9, 2, 4
spergon-wynn-1,WynnSp00, 2.000000,2000,183,22,10.1585402, 5, 6, 5
tom-brady-1,BradTo00,52.000000,2000,199,23, 0.3953806,10, 1, 6
todd-husak-1,HusaTo20, 0.000000,2000,202,22, 4.4937943, 7,10, 7
tim-rattay-1,RattTi00, 9.000000,2000,212,23,14.8054698, 3, 4, 8
jarious-jackson-1,JackJa01, 0.000000,2000,214,23,12.6155561, 4, 8, 9
joe-hamilton-1,HamiJo20, 0.000000,2000,234,23, 8.6223802, 6, 9,10
michael-vick-1,VickMi00,53.000000,2001,  1,21,27.9702155, 1, 1, 1
drew-brees-1,BreeDr00,49.000000,2001, 32,22,25.8965503, 2, 2, 2
quincy-carter-1,CartQu00,17.000000,2001, 53,23, 9.1952887, 7, 3, 3
marques-tuiasosopo-1,TuiaMa00, 1.000000,2001, 59,22,20.0033705, 3, 7, 4
chris-weinke-1,WeinCh00, 7.000000,2001,106,29,14.2810612, 5, 4, 5
sage-rosenfels-1,RoseSa00, 2.000000,2001,109,23, 5.5058146, 8, 6, 6
jesse-palmer-1,PalmJe00, 1.000000,2001,125,22,15.9647623, 4, 8, 7
mike-mcmahon-1,McMaMi00, 6.000000,2001,149,22,13.9508817, 6, 5, 8
david-carr-1,CarrDa00,46.000000,2002,  1,23,13.3370525, 1, 1, 1
joey-harrington-1,HarrJo00,28.000000,2002,  3,23,10.7580195, 3, 2, 2
patrick-ramsey-1,RamsPa00,14.000000,2002, 32,23, 4.5219610, 8, 5, 3
josh-mccown-1,McCoJo01,15.000000,2002, 81,23, 4.6501873, 7, 4, 4
david-garrard-1,GarrDa00,18.000000,2002,108,24,10.9918906, 2, 3, 5
rohan-davey-1,DaveRo01, 0.000000,2002,117,24, 6.8789704, 4, 8, 6
randy-fasani-1,FasaRa00, 1.000000,2002,137,23, 5.8155936, 6, 7, 7
kurt-kittner-1,KittKu00, 1.000000,2002,158,22, 6.0805408, 5, 6, 8
carson-palmer-1,PalmCa00,52.000000,2003,  1,23,18.5418385, 4, 1, 1
byron-leftwich-1,LeftBy00,33.000000,2003,  7,23,36.2568945, 1, 2, 2
kyle-boller-1,BollKy00,18.000000,2003, 19,22, 3.2069279, 9, 3, 3
rex-grossman-1,GrosRe00,16.000000,2003, 22,23,16.5020471, 5, 4, 4
dave-ragone-1,RagoDa00, 1.000000,2003, 88,23,15.5768905, 6, 8, 5
chris-simms-1,SimmCh00, 8.000000,2003, 97,23, 6.9392560, 8, 5, 6
seneca-wallace-1,WallSe00, 5.000000,2003,110,23,12.6720388, 7, 6, 7
kliff-kingsbury-1,KingKl00, 0.000000,2003,201,24,24.8001698, 3, 9, 8
ken-dorsey-1,DorsKe00, 1.000000,2003,241,22,29.1037834, 2, 7, 9
eli-manning-1,MannEl00,48.000000,2004,  1,23,14.6263753, 5, 3, 1
philip-rivers-1,RivePh00,48.000000,2004,  4,22,32.3271605, 2, 2, 2
ben-roethlisberger-1,RoetBe00,59.000000,2004, 11,22,33.6257687, 1, 1, 3
matt-schaub-1,SchaMa00,22.000000,2004, 90,23,19.9301738, 4, 4, 4
luke-mccown-1,McCoLu00, 6.000000,2004,106,23,20.5656491, 3, 5, 5
craig-krenzel-1,KrenCr00, 1.000000,2004,148,23,11.4894688, 7, 6, 6
john-navarre-1,NavaJo00, 0.000000,2004,202,23, 0.5093458,10,10, 7
cody-pickett-1,PickCo00, 1.000000,2004,217,24, 3.9350958, 9, 8, 8
matt-mauck-1,MaucMa00, 1.000000,2004,225,25, 4.1660106, 8, 7, 9
bradlee-van-pelt-1,VanPBr00, 0.000000,2004,250,24,14.2886557, 6, 9,10
alex-smith-3,SmitAl03,14.000000,2005,  1,21,44.2088747, 1, 4, 1
aaron-rodgers-1,RodgAa00,35.000000,2005, 24,21,34.3803829, 2, 2, 2
jason-campbell-1,CampJa00,36.000000,2005, 25,23,20.1996363, 3, 1, 3
charlie-frye-1,FryeCh00, 8.000000,2005, 67,24,18.3603526, 4, 6, 4
andrew-walter-1,WaltAn00, 1.000000,2005, 69,23, 2.3821430, 7, 8, 5
kyle-orton-1,OrtoKy00,22.000000,2005,106,22,13.0276706, 5, 3, 6
dan-orlovsky-1,OrloDa00, 4.000000,2005,145,22, 0.7968065, 8, 7, 7
derek-anderson-1,AndeDe00,14.000000,2005,213,22, 6.4915913, 6, 5, 8
vince-young-1,YounVi00,33.000000,2006,  3,23,33.2619180, 2, 2, 1
matt-leinart-1,LeinMa00,12.000000,2006, 10,23,28.8106012, 3, 4, 2
jay-cutler-1,CutlJa00,52.000000,2006, 11,23, 9.8347444, 7, 1, 3
kellen-clemens-1,ClemKe00, 3.000000,2006, 49,23,11.3434072, 6, 6, 4
tarvaris-jackson-1,JackTa00,14.000000,2006, 64,23, 7.6007207, 8, 3, 5
charlie-whitehurst-1,WhitCh02, 2.000000,2006, 81,24, 6.9771976,10, 7, 6
brodie-croyle-1,CroyBr00, 2.000000,2006, 85,23, 5.0287797,11, 8, 7
brad-smith-1,SmitBr01, 0.000000,2006,103,22,37.3372804, 1, 9, 8
ingle-martin-1,MartIn00, 0.000000,2006,148,24, 7.0537680, 9,11, 9
reggie-mcneal-1,McNeRe00, 0.000000,2006,193,22,18.0978842, 5,10,10
bruce-gradkowski-1,GradBr00, 8.000000,2006,194,23,25.8132258, 4, 5,11
jamarcus-russell-1,RussJa00, 6.000000,2007,  1,22,36.9967401, 1, 3, 1
brady-quinn-1,QuinBr00, 3.000000,2007, 22,22,24.7202398, 2, 7, 2
kevin-kolb-1,KolbKe00,10.000000,2007, 36,23,17.7217399, 4, 2, 3
john-beck-1,BeckJo00, 4.000000,2007, 40,26, 5.1925550, 7, 6, 4
drew-stanton-1,StanDr00, 4.000000,2007, 43,23,17.4712953, 5, 5, 5
trent-edwards-1,EdwaTr01,17.000000,2007, 92,23, 3.6645474, 8, 1, 6
isaiah-stanback-1,StanIs00, 0.000000,2007,103,23, 7.3165448, 6, 8, 7
troy-smith-1,SmitTr02, 6.000000,2007,174,23,24.1497232, 3, 4, 8
jordan-palmer-1,PalmJo20, 0.000000,2007,205,23, 2.3963850, 9, 9, 9
matt-ryan-1,RyanMa00,73.000000,2008,  3,23, 5.1040435, 9, 1, 1
joe-flacco-1,FlacJo00,62.000000,2008, 18,23, 3.6590757,10, 2, 2
brian-brohm-1,BrohBr00, 0.000000,2008, 56,22,33.1051865, 1, 6, 3
chad-henne-1,HennCh01,21.000000,2008, 57,23, 6.4650928, 8, 3, 4
kevin-oconnell-2,OConKe00, 0.000000,2008, 94,23, 8.8675911, 4, 9, 5
dennis-dixon-1,DixoDe00, 2.000000,2008,156,23, 7.9766928, 6, 5, 6
erik-ainge-1,AingEr00, 0.000000,2008,162,22, 9.8794350, 3, 8, 7
colt-brennan-1,BrenCo00, 0.000000,2008,186,25,16.4479899, 2, 7, 8
andre-woodson-1,WoodAn00, 0.000000,2008,198,24, 8.1015978, 5,10, 9
matt-flynn-1,FlynMa00, 3.000000,2008,209,23, 6.4796986, 7, 4,10
alex-brink-1,BrinAl00, 0.000000,2008,223,23, 1.8120371,11,11,11
matthew-stafford-1,StafMa00,47.000000,2009,  1,21,18.3828904, 3, 1, 1
mark-sanchez-1,SancMa00,28.000000,2009,  5,22,15.9994962, 4, 3, 2
josh-freeman-1,FreeJo00,39.000000,2009, 17,21,19.6857949, 1, 2, 3
pat-white-1,WhitPa01, 0.000000,2009, 44,23,18.5768903, 2, 6, 4
stephen-mcgee-1,McGeSt00, 2.000000,2009,101,23,10.4997486, 5, 4, 5
tom-brandstater-1,BranTo00, 0.000000,2009,174,24, 3.2104632, 7, 7, 6
curtis-painter-1,PainCu00, 2.000000,2009,201,24, 6.3060137, 6, 5, 7
sam-bradford-1,BradSa00,28.000000,2010,  1,22,42.0356852, 2, 1, 1
tim-tebow-1,TeboTi00,12.000000,2010, 25,23,57.8617296, 1, 2, 2
jimmy-clausen-1,ClauJi00, 1.000000,2010, 48,22,18.3436208, 3, 4, 3
colt-mccoy-1,McCoCo00,12.000000,2010, 85,24,18.0463134, 4, 3, 4
mike-kafka-1,KafkMi00, 0.000000,2010,122,23, 6.0221316, 7, 7, 5
tony-pike-1,PikeTo00, 0.000000,2010,204,24, 7.1779415, 6, 6, 6
levi-brown-1,BrowLe00, 0.000000,2010,209,23, 9.3629991, 5, 5, 7
cam-newton-1,NewtCa00,84.000000,2011,  1,22,49.6898019, 1, 1, 1
jake-locker-1,LockJa00,16.000000,2011,  8,23,14.5463414, 5, 5, 2
blaine-gabbert-1,GabbBl00,13.000000,2011, 10,21,32.8666708, 2, 7, 3
christian-ponder-1,PondCh00,23.000000,2011, 12,23,11.8232695, 6, 4, 4
andy-dalton-1,DaltAn00,61.000000,2011, 35,23, 7.8513414, 8, 2, 5
colin-kaepernick-1,KaepCo00,40.000000,2011, 36,23,28.1417738, 3, 3, 6
ryan-mallett-1,MallRy00, 4.000000,2011, 74,23, 5.4192983,11, 8, 7
ricky-stanzi-1,StanRi00, 0.000000,2011,135,24, 6.7832085,10,11, 8
nathan-enderle-1,EndeNa00, 0.000000,2011,160,23, 7.2748496, 9,10, 9
tyrod-taylor-1,TaylTy00,15.000000,2011,180,22,24.7801778, 4, 6,10
greg-mcelroy-1,McElGr00, 1.000000,2011,208,23, 9.5197508, 7, 9,11
andrew-luck-1,LuckAn00,64.000000,2012,  1,22,41.3771728, 2, 2, 1
robert-griffin-iii-1,GrifRo01,35.000000,2012,  2,22,41.6304713, 1, 4, 2
ryan-tannehill-1,TannRy00,55.000000,2012,  8,24, 3.1366279, 7, 3, 3
brandon-weeden-1,WeedBr00,14.000000,2012, 22,28, 1.4987513, 8, 7, 4
brock-osweiler-1,OsweBr00,10.000000,2012, 57,21,29.6669816, 3, 8, 5
russell-wilson-1,WilsRu00,85.000000,2012, 75,23,14.7505383, 5, 1, 6
nick-foles-1,FoleNi00,24.000000,2012, 88,23,17.0749957, 4, 6, 7
kirk-cousins-1,CousKi00,31.000000,2012,102,24, 0.9904629, 9, 5, 8
chandler-harnish-1,HarnCh00, 0.000000,2012,253,24,10.6398847, 6, 9, 9
ej-manuel-1,ManuEJ00,11.000000,2013, 16,23,17.7650943, 3, 3, 1
geno-smith-1,SmitGe00,16.000000,2013, 39,22,36.7820998, 1, 1, 2
mike-glennon-1,GlenMi00,13.000000,2013, 73,23, 6.2022083, 8, 2, 3
matt-barkley-1,BarkMa00, 2.000000,2013, 98,22,23.9926700, 2, 5, 4
ryan-nassib-1,NassRy00, 0.000000,2013,110,23, 4.4303416, 9, 9, 5
tyler-wilson-1,WilsTy00, 0.000000,2013,112,24, 6.9601296, 7, 8, 6
landry-jones-1,JoneLa02, 4.000000,2013,115,24, 9.6628923, 5, 4, 7
zac-dysert-1,DyseZa00, 0.000000,2013,234,23,11.9681342, 4, 6, 8
sean-renfree-1,RenfSe00, 0.000000,2013,249,23, 7.3253350, 6, 7, 9
blake-bortles-1,BortBl00,48.000000,2014,  3,22,27.7476007, 3, 2, 1
johnny-manziel-1,ManzJo00, 4.000000,2014, 22,21,44.1695848, 1, 4, 2
teddy-bridgewater-1,BridTe00,23.000000,2014, 32,21,33.1006445, 2, 3, 3
derek-carr-1,CarrDe02,51.000000,2014, 36,23,23.3544183, 4, 1, 4
logan-thomas-1,ThomLo00, 0.000000,2014,120,23,14.5999300, 6, 9, 5
tom-savage-1,SavaTo00, 3.000000,2014,135,24, 2.0844024,11, 5, 6
aaron-murray-1,MurrAa00, 0.000000,2014,163,23,13.3689873, 7,10, 7
zach-mettenberger-1,MettZa00, 1.000000,2014,178,23,10.5550116, 8, 6, 8
david-fales-1,FaleDa00, 1.000000,2014,183,23, 5.4898036, 9, 7, 9
keith-wenning-1,WennKe00, 0.000000,2014,194,23, 4.7943661,10,11,10
tajh-boyd-1,BoydTa00, 0.000000,2014,213,23,16.0871879, 5, 8,11
jameis-winston-1,WinsJa00,59.000000,2015,  1,21,28.4604171, 3, 1, 1
marcus-mariota-1,MariMa01,48.000000,2015,  2,21,73.2709768, 1, 2, 2
garrett-grayson-1,GrayGa00, 0.000000,2015, 75,24, 4.8448002, 6, 6, 3
sean-mannion-1,MannSe00, 1.000000,2015, 89,23,14.4996116, 5, 5, 4
bryce-petty-1,PettBr01, 4.000000,2015,103,24,17.9788138, 4, 4, 5
brett-hundley-1,HundBr00, 5.000000,2015,147,22,36.5775061, 2, 3, 6
jared-goff-1,GoffJa00,53.000000,2016,  1,21,18.9546812, 4, 2, 1
paxton-lynch-1,LyncPa00, 2.000000,2016, 26,22,30.5568279, 1, 7, 2
christian-hackenberg-1,HackCh01, 0.000000,2016, 51,21,12.2581283, 9,11, 3
jacoby-brissett-2,BrisJa00,23.000000,2016, 91,23,11.6019288,10, 3, 4
cody-kessler-1,KessCo00, 5.000000,2016, 93,23,13.8035117, 8, 5, 5
connor-cook-1,CookCo00, 0.000000,2016,100,23, 9.2691093,12,13, 6
dak-prescott-1,PresDa01,63.000000,2016,135,23,19.4783286, 3, 1, 7
cardale-jones-1,JoneCa01, 0.000000,2016,139,23,20.0111677, 2,10, 8
kevin-hogan-2,HogaKe00, 2.000000,2016,162,23,16.6009051, 5, 8, 9
nate-sudfeld-1,SudfNa00, 1.000000,2016,187,22,13.8598779, 6, 9,10
brandon-allen-2,AlleBr00, 4.000000,2016,201,24, 4.1620247,13, 6,11
jeff-driskel-1,DrisJe00, 6.000000,2016,207,23,13.8454691, 7, 4,12
brandon-doughty-1,DougBr00, 0.000000,2016,223,24,10.5049625,11,12,13
mitch-trubisky-1,TrubMi00,35.000000,2017,  2,23,18.1849249, 7, 3, 1
patrick-mahomes-1,MahoPa00,75.000000,2017, 10,21,35.4794790, 2, 1, 2
deshaun-watson-1,WatsDe00,55.000000,2017, 12,21,36.8450700, 1, 2, 3
deshone-kizer-1,KizeDe00, 6.000000,2017, 52,21,29.1133234, 3, 4, 4
davis-webb-1,WebbDa00, 0.000000,2017, 87,22,26.3740580, 5, 7, 5
joshua-dobbs-1,DobbJo00, 0.000000,2017,135,22,27.6546171, 4, 6, 6
nathan-peterman-1,PeteNa00, 2.000000,2017,171,23, 8.0666315, 8, 5, 7
brad-kaaya-1,KaayBr00, 0.000000,2017,215,22,20.4767377, 6, 8, 8
baker-mayfield-1,MayfBa00,51.000000,2018,  1,23,30.0787148, 2, 3, 1
sam-darnold-1,DarnSa00,27.000000,2018,  3,21,28.1439827, 3, 4, 2
josh-allen-7,AlleJo02,74.000000,2018,  7,22,16.5534406, 6, 2, 3
josh-rosen-1,RoseJo01, 3.000000,2018, 10,21,24.7006227, 4, 7, 4
lamar-jackson-1,JackLa00,74.000000,2018, 32,21,36.3581565, 1, 1, 5
mason-rudolph-1,RudoMa00, 5.000000,2018, 76,23,14.7945378, 8, 5, 6
mike-white-6,WhitMi01, 5.000000,2018,171,23, 2.7963735,10, 6, 7
luke-falk-1,FalkLu00, 1.000000,2018,199,23,19.1655383, 5, 8, 8
tanner-lee-1,LeexTa00, 0.000000,2018,203,23, 0.9539177,11,11, 9
danny-etling-1,EtliDa00, 0.000000,2018,219,24, 8.0545323, 9,10,10
logan-woodside-1,WoodLo00, 0.000000,2018,249,23,16.0406011, 7, 9,11
kyler-murray-1,MurrKy00,67.159998,2019,  1,22,26.9515333, 1, 1, 1
daniel-jones-4,JoneDa05,49.863194,2019,  6,22,18.0827116, 4, 2, 2
dwayne-haskins-1,HaskDw00, 5.385697,2019, 15,22,21.6346204, 2, 5, 3
drew-lock-1,LockDr00,15.269585,2019, 42,22,19.0235449, 3, 4, 4
will-grier-1,GrieWi00, 1.679239,2019,100,24,11.9895372, 6, 8, 5
ryan-finley-1,FinlRy00, 2.914725,2019,104,24, 2.0927926, 9, 7, 6
jarrett-stidham-1,StidJa00, 5.385697,2019,133,23, 7.6190041, 7, 6, 7
clayton-thorson-1,ThorCl00, 0.000000,2019,167,24, 1.5776309,10,10, 8
gardner-minshew-1,MinsGa00,26.388960,2019,178,23,14.2394636, 5, 3, 9
trace-mcsorley-1,McSoTr00, 1.679239,2019,197,24, 5.9407247, 8, 9,10
joe-burrow-1,BurrJo01,64.378366,2020,  1,23,23.0227138, 5, 3, 1
tua-tagovailoa-1,TagoTu00,40.279130,2020,  5,22,31.9300084, 2, 4, 2
justin-herbert-1,HerbJu00,74.018061,2020,  6,22,31.1502953, 3, 1, 3
jordan-love-2,LoveJo03, 6.540199,2020, 26,21,31.0886119, 4, 5, 4
jalen-hurts-1,HurtJa00,67.591598,2020, 53,22,36.0926521, 1, 2, 5
jacob-eason-1,EasoJa00, 1.720352,2020,122,22,12.4392696, 8, 8, 6
james-morgan-1,MorgJa00, 0.000000,2020,125,23, 6.2550255,10,11, 7
jake-fromm-1,FromJa00, 3.326968,2020,167,22,15.9230886, 7, 7, 8
jake-luton-1,LutoJa00, 4.933584,2020,189,24, 3.9827633,11, 6, 9
cole-mcdonald-1,McDoCo00, 0.000000,2020,224,22,22.1978515, 6, 9,10
nathan-stanley-2,StanNa00, 0.000000,2020,244,23,12.0142878, 9,10,11
trevor-lawrence-1,LawrTr00,51.022528,2021,  1,21,39.2199299, 1, 3, 1
zach-wilson-3,WilsZa00,24.046466,2021,  2,22,24.7969982, 4, 5, 2
justin-fields-2,FielJu00,53.270533,2021, 11,22,35.1540214, 2, 1, 3
mac-jones-1,JoneMa05,53.270533,2021, 15,23,17.2188356, 6, 2, 4
kyle-trask-1,TrasKy00, 3.814420,2021, 64,23,19.8489822, 5, 7, 5
davis-mills-1,MillDa02,35.286492,2021, 67,22,13.5519285, 8, 4, 6
ian-book-1,BookIa00, 3.814420,2021,133,23,16.7061367, 7, 8, 7
sam-ehlinger-1,EhliSa00, 8.310430,2021,218,22,28.3849658, 3, 6, 8
kenny-pickett-1,PickKe00,35.452386,2022, 20,24, 4.5320162, 5, 1, 1
desmond-ridder-1,RiddDe00,20.077405,2022, 74,23,18.7838310, 4, 3, 2
matt-corral-1,CorrMa00, 0.000000,2022, 94,23,26.0781121, 2, 7, 3
bailey-zappe-1,ZappBa00,16.233660,2022,137,23, 3.8767892, 6, 4, 4
sam-howell-1,HoweSa00,12.389914,2022,144,21,30.7989484, 1, 6, 5
skylar-thompson-1,ThomSk00,16.233660,2022,247,25, 3.2337981, 7, 5, 6
brock-purdy-1,PurdBr00,31.608641,2022,262,22,25.8391100, 3, 2, 7
