cfbref_id,pfr_id,av,season,pick,age,height_inches,weight,forty,vertical,broad_jump,shuttle,bench,cone,g,att,rush_att,srs,sos,off_plus,yards_plus,cmp_plus,td_plus,int_plus,rush_yards_plus,rush_tds_plus,predicted_av
aaron-brooks-1,BrooAa00,52.000000,1999,131,23,76,220,4.590000,35.50000,118.0000,4.290000,18.14084,7.139121,34, 651,199,  9.67352941, 3.28617647,108.78667,  444.627692,  4.75884278,  1.52720565,  0.63309566, -242.928996,  6.122156742,19.6602426
aaron-murray-1,MurrAa00, 0.000000,2014,163,23,72,207,4.840000,34.88307,118.3246,4.417192,16.93105,7.305821,52,1478,286, 11.99942308, 4.48384615,121.15221, 2442.405292, 31.65095375, 43.78064640, -2.08043849, -886.348371,  2.874583259,20.4836103
aaron-rodgers-1,RodgAa00,35.000000,2005, 24,21,74,223,4.710000,34.50000,110.0000,4.332220,18.42003,7.380000,25, 665,160, 15.26440000, 5.31160000,130.49350,  738.558760, 45.18229673, 10.76572149, -9.02380982, -326.254382,  1.429164209,33.4751043
akili-smith-1,SmitAk00, 2.000000,1999,  3,24,75,220,4.700000,34.00000,111.0000,4.290000,18.14084,7.139121,23, 571,171, 10.47434783, 5.15391304,139.28460, 1025.673942, 13.49816141, 17.27010501, -5.47700118, -310.718935, -0.748429050, 7.2347295
alex-brink-1,BrinAl00, 0.000000,2008,223,23,74,211,4.960000,28.00000,112.0000,4.190000,17.30329,7.220000,46,1451,246,  2.96978261, 4.60282609,103.15117,  704.349733,  0.52568854,  4.92924255, -4.54120070, -928.110469, -5.188207715, 2.8302525
alex-smith-3,SmitAl03,14.000000,2005,  1,21,76,212,4.710000,32.00000,113.0000,3.960000,17.39635,6.820000,25, 587,286, 14.67080000, 0.07600000,136.39524, 1031.173679, 54.67613512, 18.51387611,-11.43791463, -111.806926,  3.255734919,32.4172714
alex-van-pelt-1,VanPAl00, 2.000000,1993,216,23,73,220,4.970000,30.50000,110.4728,4.502164,18.14084,7.417188,45,1463,107,  1.21111111, 2.56266667,101.13628,  729.237015, 61.68559450,  2.02328882, -3.69708412, -521.342105,  1.982481696,18.6228729
andre-ware-1,WareAn00, 5.000000,1990,  7,22,74,205,4.547714,35.17959,118.8558,4.226144,16.74492,7.055430,27,1074,120, 13.22518519, 0.91148148,177.68999,  679.532287, 85.29663890, 30.46930677,-20.54358537, -621.308345,  1.422375624,27.0925716
andre-woodson-1,WoodAn00, 0.000000,2008,198,24,76,229,4.850000,33.99152,116.7275,4.423728,18.97839,7.314388,44,1278,232,  1.33090909, 4.47795455,100.78117,  370.688207, 42.49152161, 16.23490565,-16.88503704,-1458.958786, -4.645748732, 8.0711570
andrew-luck-1,LuckAn00,64.000000,2012,  1,22,76,240,4.590000,36.00000,124.0000,4.280000,20.00207,6.800000,38,1064,163, 16.97631579, 3.85789474,143.97014, 1756.519997, 75.42237534, 27.44494219, -9.95922806,  236.881219, -0.384216652,45.6886977
andrew-walter-1,WaltAn00, 1.000000,2005, 69,23,78,230,4.860000,34.11674,116.9518,4.430265,19.07145,7.322955,48,1416,175,  5.14229167, 4.51250000,112.93991,  608.756419,-21.48540391, 16.57580373,-11.65751311,-1196.462102, -7.295598328, 8.8365740
andy-dalton-1,DaltAn00,61.000000,2011, 35,23,74,215,4.830000,29.50000,106.0000,4.270000,17.67554,6.930000,50,1317,413, 13.22300000,-1.40940000,127.43774,  979.379857, 30.64565888,  4.89217983,-11.42127547, -191.166273,  3.521440130,15.2304681
anthony-dilweg-1,DilwAn00, 4.000000,1989, 74,24,75,215,4.780000,28.00000,102.0000,4.370000,17.67554,7.243970,44, 594, 77, -2.03750000,-0.31500000, 99.65618,  447.172337, 27.31110635,  3.00041947, -2.97824286, -480.890340, -0.936862466, 4.1433572
bailey-zappe-1,ZappBa00,16.233660,2022,137,23,73,215,4.880000,30.00000,109.0000,4.400000,17.67554,7.190000,14, 686, 51,  8.39000000,-2.61000000,156.23471,  777.698003, 51.95464985, 24.76122076, -6.59796022, -211.614395,  0.672632525, 2.9543161
baker-mayfield-1,MayfBa00,51.000000,2018,  1,23,73,215,4.840000,29.00000,111.0000,4.280000,17.67554,7.000000,48,1497,404, 15.33166667, 4.14708333,146.51390, 3605.489406,138.75267262, 52.13324647,-12.06077667, -788.309301,  2.069676081,32.8797066
ben-roethlisberger-1,RoetBe00,59.000000,2004, 11,22,77,240,4.750000,33.45458,115.7656,4.358365,20.00207,7.228721,38,1304,269,  4.94157895,-2.58578947,128.02804, 1613.288711,122.44066078, 21.22079789,-10.54133285, -856.944011, -4.338079884,33.7101850
bill-musgrave-1,MusgBi00, 0.000000,1991,106,23,74,199,4.980000,30.50000,106.0000,4.270000,16.18656,7.112908,39,1104,168,  7.63538462, 3.43589744,111.46224,  623.162707, 43.50017208, 13.78836346, -9.34439120, -870.158125, -2.418206806, 2.3627645
billy-joe-hobert-1,HobeBi00, 5.000000,1993, 58,22,75,230,4.890000,30.50000,109.0000,4.290000,19.07145,7.139121,26, 427, 66, 22.78153846, 6.75384615,153.46094,   71.305237, 19.89303431,  8.82172002, -5.10693245,   28.981721,  5.556865520,16.2153272
billy-joe-tolliver-1,TollBi00,17.000000,1989, 51,23,73,217,5.090000,28.50000, 96.0000,4.420000,17.86166,7.309501,45,1007,143,  1.02288889, 0.69488889,111.47639, -171.889285,-43.84902621, -2.52223626, -6.52030679, -843.568199,  0.715524815,16.2123228
blaine-gabbert-1,GabbBl00,13.000000,2011, 10,21,77,235,4.610000,33.50000,120.0000,4.260000,19.53676,6.840000,31, 933,221,  9.79290323, 2.63612903,115.44135,  109.927890, 12.42792080, -7.25825893,-10.98564028, -519.503754, -2.056262995,27.5124186
blake-bortles-1,BortBl00,48.000000,2014,  3,22,77,232,4.930000,32.50000,115.0000,4.210000,19.25758,7.080000,37, 891,195,  4.98810811,-3.76756757,113.79073, 1108.216185, 48.73061824,  9.41318803, -6.36000522, -323.469120,  5.967382534,25.2628583
bobby-hoying-1,HoyiBo00, 2.000000,1996, 85,23,75,221,4.730000,31.00000,108.0000,4.160000,18.23390,6.968740,45, 858,168, 17.77333333, 6.57911111,119.22516, 1219.421732, 26.81202260, 17.40639734,  2.16845060, -760.913054, -2.518958036,16.6825311
brad-johnson-2,JohnBr00, 8.000000,1992,227,23,77,226,5.020000,29.50000,110.0000,4.290000,18.69921,7.139121,45, 249, 35, 19.66355556, 4.68288889,152.11070,    1.099728, 27.66223291,  3.21716209, -1.59734245,  -84.469813,  0.653240407, 8.6342577
brad-kaaya-1,KaayBr00, 0.000000,2017,215,22,76,214,4.596615,34.84802,118.2618,4.258107,17.58248,7.097321,38,1188, 94,  9.11789474, 3.62289474,103.48646, 1288.798280, 18.29810721,  6.44423650, -9.23553015, -824.425005, -0.434869776,19.0474495
brad-smith-1,SmitBr01, 0.000000,2006,103,22,74,210,4.460000,39.50000,128.0000,4.330000,17.21023,7.000000,47,1454,779,  3.82574468, 1.59106383,107.91656,-1619.501681, -9.19052972,-14.00347762,-16.35271476,  970.945948, 11.375980683,28.1599393
bradlee-van-pelt-1,VanPBr00, 0.000000,2004,250,24,74,220,4.980000,33.50000,115.0000,4.110000,18.14084,6.890000,38, 778,420,  4.22947368, 0.21421053,105.00206,  667.584695,-12.45447522, -0.44209771,  3.45586723,  547.481975,  7.274257933, 8.9984213
brady-quinn-1,QuinBr00, 3.000000,2007, 22,22,76,232,4.730000,33.82022,116.4206,4.345292,24.00000,7.211588,49,1602,254,  9.56653061, 6.22448980,108.87473,  407.653719,  4.22767979, 17.26008764,-14.12530181, -868.694239, -4.413655263,28.6450264
brandon-allen-2,AlleBr00, 4.000000,2016,201,24,73,217,4.840000,28.00000,110.0000,4.330000,17.86166,7.060000,42,1016,134,  8.51380952, 6.38380952, 99.91696,   81.668219,-19.46278741, 11.17603546, -2.99618087, -481.858652, -2.241344454, 2.6681240
brandon-doughty-1,DougBr00, 0.000000,2016,223,24,75,213,5.220000,27.00000,103.0000,4.520000,17.48941,7.490000,43,1491,102,  3.23139535,-4.34906977,132.93470, 2028.777455,139.53468895, 33.55561014, -8.58974273, -754.725380, -1.757187302, 0.9507231
brandon-weeden-1,WeedBr00,14.000000,2012, 22,28,76,221,4.890000,34.44832,117.5458,4.449874,18.23390,7.348655,30,1103, 39, 18.90000000, 4.76333333,159.69435, 1296.957938,103.50049410, 17.55256959, -5.97325428, -322.859930, -0.771960026, 2.3100856
brett-favre-1,FavrBr00,60.000000,1991, 33,21,74,225,4.656382,34.03760,116.8100,4.297173,18.60615,7.148521,44,1169,193,  3.19250000, 1.14000000, 98.01538, -471.853885,-11.36884039,  3.31547927,-18.32811786, -856.725460, -6.400873573,35.1747480
brett-hundley-1,HundBr00, 5.000000,2015,147,22,75,227,4.630000,36.00000,120.0000,3.980000,18.79227,6.930000,40,1241,479, 13.30000000, 6.72600000,119.78858,  956.180930, 94.17301799, 10.32912860,-10.16863200, -443.934058,  7.706021842,30.1703659
brian-brohm-1,BrohBr00, 0.000000,2008, 56,22,75,227,4.810000,30.00000,115.0000,4.550000,18.79227,7.130000,44,1185,172, 13.18386364, 1.18750000,157.46059, 2444.981918, 86.61892383, 12.93160017,-14.74823166, -675.208977,  1.832289182,34.7315094
brian-griese-1,GrieBr00,44.000000,1998, 91,23,75,215,4.602048,34.69976,117.9962,4.261658,17.67554,7.101975,33, 516, 85, 16.43666667, 6.62666667, 99.35091,   20.381415, 25.86791844,  2.51892353, -3.83973342, -422.811629,  0.585581954,20.0233562
brock-huard-1,HuarBr00, 2.000000,1999, 77,23,76,232,5.120000,30.50000,107.0000,4.440000,19.25758,7.335714,30, 776,114, 12.95400000, 6.84800000,121.99332,  189.904172,  3.16526958, 13.69944882, -0.90136191, -492.228258, -1.525069874, 7.0027354
brock-osweiler-1,OsweBr00,10.000000,2012, 57,21,79,240,4.830000,33.63690,116.0922,4.410656,20.00207,7.297255,25, 680,137,  4.84320000, 3.06600000,109.29930,  167.821968,  2.10515675, -2.22899756, -4.71239101, -385.057307, -2.198034049,25.3814676
brock-purdy-1,PurdBr00,31.608641,2022,262,22,73,212,4.840000,27.00000,104.2030,4.450000,17.39635,7.210000,48,1467,365,  9.70750000, 4.27562500,108.03446, 1159.277542, 97.46481739,  0.45907207, -4.91670782, -487.373048,  1.991295111,26.9573039
brodie-croyle-1,CroyBr00, 2.000000,2006, 85,23,74,205,4.880000,30.50000,104.0000,4.250000,16.74492,7.340000,39, 869,183, 10.89307692, 4.30153846, 93.96644,  232.824916, -8.84036639, -0.66642158, -6.75038823, -933.608550, -3.699981188, 2.3650507
browning-nagle-1,NaglBr00, 5.000000,1991, 34,23,75,225,4.656382,34.12876,116.9733,4.297173,18.60615,7.148521,33, 598, 96,  3.97333333,-3.01666667,110.87438,  433.190568, 11.08947553,  6.34289829, -5.07101122, -536.605005, -0.713377371,12.5293945
bruce-gradkowski-1,GradBr00, 8.000000,2006,194,23,73,220,4.590000,34.00000,107.0000,4.160000,18.14084,7.120000,49,1123,248,  1.32102041,-5.49183673,128.02327, 1267.175225,122.81816099, 30.82738088, -9.99203295,   -9.194538,  3.748168844,28.5581428
bryce-petty-1,PettBr01, 4.000000,2015,103,24,75,230,4.870000,34.00000,121.0000,4.130000,19.07145,6.910000,37, 845,192, 14.84459459, 2.62891892,167.62903, 2072.822352, 27.47517049, 18.28810272,-14.31790669, -543.140245, 12.032426526,13.6134104
bucky-richardson-1,RichBu00, 3.000000,1992,220,23,73,228,4.672682,33.77514,116.3398,4.307827,18.88533,7.162485,46, 405,370, 11.88608696, 1.90652174,126.17802,  218.020048,-19.98824100, -3.20301844,  5.35871469,  621.476067, 15.875316287,12.4328303
byron-leftwich-1,LeftBy00,33.000000,2003,  7,23,77,245,4.850000,33.16908,115.2542,4.423728,20.46737,7.314388,61,1442,190,  3.56196721,-7.63491803,128.94519, 1848.406827,144.23658856, 21.01331523,-22.35531216, -586.546757, -1.990685662,42.5180718
cade-mcnown-1,McNoCa00, 8.000000,1999, 12,22,73,208,4.760000,33.50000,108.0000,4.280000,17.02411,7.126014,47,1250,313, 12.51829787, 5.79361702,135.14893, 1829.833840, 17.69869221,  8.57837331, -4.35683081, -676.419194,  3.511452125,16.9988932
cam-newton-1,NewtCa00,84.000000,2011,  1,22,78,260,4.560000,35.00000,126.0000,4.180000,21.86329,6.920000,20, 292,285, 20.24550000, 6.15200000,149.56438,  807.092711, 16.35084782, 14.75239614, -2.24541015,  315.455609, 10.902434658,45.7203525
cardale-jones-1,JoneCa01, 0.000000,2016,139,23,77,250,4.810000,36.00000,120.3254,4.397583,20.93268,7.280121,23, 269,136, 19.94130435, 4.09086957,140.00394,  367.206705,  7.24108412,  0.98920650, -0.61640461, -140.293445, -3.329660326,22.3838237
carson-palmer-1,PalmCa00,52.000000,2003,  1,23,77,230,4.650000,34.02558,116.7885,4.293001,19.07145,7.143054,53,1569,255, 12.32641509, 6.45698113,107.58744,  816.390231, 64.69999961, -2.20912807, -6.04662355,-1225.190079, -1.577346907,19.9601529
cary-conklin-1,ConkCa00, 1.000000,1990, 86,22,76,220,4.960000,26.50000,109.0000,4.560000,18.14084,7.492989,31, 747,164, 12.34161290, 6.74516129,111.68871, -379.352433,  1.39973018,  0.03022474,  2.32294849, -559.349698, -1.305372080, 7.4967355
casey-weldon-1,WeldCa00, 1.000000,1992,102,23,73,206,4.830000,32.50000,102.0000,4.060000,16.83799,6.837677,45, 545, 72, 19.66355556, 4.68288889,152.11070,  814.344419, 31.15399516, 18.31278049, -8.19743200, -270.286225, -1.733141457, 4.6631180
chad-henne-1,HennCh01,21.000000,2008, 57,23,75,228,4.920000,25.50000,106.0000,4.400000,18.88533,7.170000,47,1387,180, 13.21021277, 5.39382979,111.42258,  -60.401875, 22.66494242, 19.28095169, -8.59269587,-1063.493801, -4.415543031,10.9110423
chad-pennington-1,PennCh01,29.000000,2000, 18,24,75,225,4.810000,33.50000,111.0000,4.160000,18.60615,7.120000,38,1334,168,  5.65131579,-8.91763158,135.06221, 1924.311314,122.89027006, 42.96168520,-18.05850591, -603.455179, -2.629299767,18.9888313
chandler-harnish-1,HarnCh00, 0.000000,2012,253,24,74,219,4.680000,32.50000,112.0000,4.150000,18.04778,6.780000,47,1110,538,  1.36510638,-6.07340426,120.17233,  980.348548, 23.10851171, 11.28043567, -7.56928345,  611.706032, -0.311706170,12.6610257
charlie-batch-1,BatcCh00,31.000000,1998, 60,23,74,220,4.890000,33.50000,118.0000,4.110000,18.14084,6.903209,32, 998,181, -9.76156250,-8.24312500,112.63578,  563.606825, 34.98260154,  5.88824609, -5.65147606, -606.004447, -2.223261775, 6.8856460
charlie-frye-1,FryeCh00, 8.000000,2005, 67,24,76,217,4.790000,33.00000,113.0000,4.080000,17.86166,6.940000,46,1436,375, -8.35000000,-6.11000000,106.62618,  899.372459,104.34030109, -5.39351908,-16.62310739,-1116.640777,  3.356829166,11.3709367
charlie-whitehurst-1,WhitCh02, 2.000000,2006, 81,24,76,220,4.750000,33.00000,112.0000,4.110000,18.14084,7.000000,44,1368,266,  8.03022727, 4.28636364, 95.42233,  -15.815982, 37.21731735,-16.88798786,  0.63016972,-1002.496251, -1.062362191,10.5606644
chris-chandler-1,ChanCh00,25.000000,1988, 76,22,76,224,4.870000,30.00000,102.0000,4.400000,10.00000,7.283289,29, 597,121, 11.60620690, 5.17206897,116.75968,   75.392630,  7.37995650,  8.16630189, -1.13471251, -211.913014,  2.622526398,13.5382631
chris-miller-4,MillCh00,37.000000,1987, 13,22,74,212,4.740000,30.50000,117.0000,4.350000,17.39635,7.217758,36,1015,180,  1.98166667, 3.86194444, 97.77903, -272.532545, 16.50869569,  1.20589143, -8.38603972, -532.354036,  0.713427305,17.2087585
chris-redman-1,RedmCh00, 3.000000,2000, 75,23,75,223,5.370000,26.50000, 98.0000,4.780000,18.42003,7.800000,43,1679,167, -2.68976744,-0.67581395,111.25080,  602.762649,120.90693654,  3.88966140, -9.59348931,-1074.633752, -3.628635540, 6.3613590
chris-simms-1,SimmCh00, 8.000000,2003, 97,23,76,220,4.840000,31.00000,103.0000,4.210000,18.14084,7.380000,41, 911,159, 15.59317073, 2.71585366,136.84290,  723.716501, 30.69441170, 14.53578146, -0.76836725, -783.866515,  3.286193927,12.1045127
chris-weinke-1,WeinCh00, 7.000000,2001,106,29,76,232,5.200000,33.82022,116.4206,4.652500,19.25758,7.614222,36,1107,110, 22.48888889, 5.96666667,141.83665, 2074.763267, 48.52169532, 27.59961714, -7.67125315, -800.871873, -2.388049947, 6.9551170
christian-hackenberg-1,HackCh01, 0.000000,2016, 51,21,76,223,4.780000,31.00000,114.0000,4.330000,18.42003,7.040000,38,1235,208,  4.12526316, 2.49657895, 82.27533, -508.204563,-39.20006155,-16.09204124, -4.36377812,-1201.795021, -3.700354883,15.9209975
christian-ponder-1,PondCh00,23.000000,2011, 12,23,74,222,4.630000,34.00000,116.0000,4.090000,18.32696,6.850000,35, 965,296, 10.53857143, 4.23371429,115.85788,   -7.987055, 22.85170897,  0.40326028, -0.15531900, -468.365433, -3.391862767,14.3957923
chuck-clements-1,ClemCh21, 0.000000,1997,191,23,75,214,4.980000,31.50000,108.0000,4.360000,17.58248,7.230864,36,1192, 92, -6.76333333, 3.05916667, 78.44297,-1247.101495, 33.61750972,-12.22750259, -5.81703202, -591.296282, -3.643946669, 4.6943397
clayton-thorson-1,ThorCl00, 0.000000,2019,167,24,76,222,4.640081,34.39122,117.4435,4.286518,18.32696,7.134557,53,1696,362,  7.90000000, 4.61792453, 84.49526,-1795.184018,-16.27370227,-29.76873088, -1.41338065,-1276.122460,  9.919652009,12.4978600
cody-carlson-1,CarlCo00, 5.000000,1987, 64,23,75,202,4.820000,29.50000,111.0000,4.450000,16.46574,7.348820,33, 705,195,  8.20333333, 2.74666667,109.64616,  576.326862,-12.63085889,  4.55142975,  0.65562053, -327.354906, -2.871525700, 1.6903146
cody-kessler-1,KessCo00, 5.000000,2016, 93,23,73,224,4.890000,29.50000,104.0000,4.000000,18.51309,7.320000,51,1261,158, 12.66411765, 6.37705882,112.57488, 1180.248082,103.77005052, 22.50493455,-17.07099823,-1154.007192, -0.367394495,24.6834248
cody-pickett-1,PickCo00, 1.000000,2004,217,24,75,220,4.790000,30.50000,109.0000,4.300000,18.14084,7.190000,38,1373,249,  6.80210526, 4.66131579,107.63438,  226.846014, 22.87819882,-13.04397764, -4.89865334,-1208.324273,  0.493393673, 2.7464654
cole-mcdonald-1,McDoCo00, 0.000000,2020,224,22,75,215,4.580000,36.00000,121.0000,4.520000,17.67554,7.130000,33,1004,251, -4.83606061,-3.45060606,105.91540,  526.462548,  9.65564750, 14.82422174, -2.02843102, -278.753126,  0.159102112,15.0591518
colin-kaepernick-1,KaepCo00,40.000000,2011, 36,23,76,225,4.530000,32.50000,115.0000,4.180000,18.60615,6.850000,51,1271,600,  3.31705882,-3.83529412,137.87479, 1079.769045,-14.43820717, 17.99225363,-15.97707953, 1485.171813, 32.035082164,44.7835609
colt-brennan-1,BrenCo00, 0.000000,2008,186,25,74,207,4.790000,35.06539,118.6512,4.384510,16.93105,7.262988,38,1584,267,  4.18263158,-3.94368421,156.59843, 3044.508999,187.34779218, 53.54046902, -9.98324512, -568.271456,  3.831507999,10.6389225
colt-mccoy-1,McCoCo00,12.000000,2010, 85,24,74,209,4.790000,32.68965,114.0000,4.384510,17.11717,7.262988,53,1645,447, 16.90358491, 3.01415094,145.93345, 1624.599459,185.58703969, 30.58369142, -7.34566890, -352.054885,  0.460198186,17.3181065
connor-cook-1,CookCo00, 0.000000,2016,100,23,76,220,4.790000,33.00000,113.0000,4.280000,18.14084,7.210000,43,1170,176, 14.73441860, 2.97697674,112.86629,  690.922571,-20.80480482, 10.20303083,-11.51162275, -601.456283, -5.213716622,12.6171685
craig-erickson-1,EricCr00, 0.000000,1992, 86,23,74,209,4.569448,34.95119,118.4466,4.240350,17.11717,7.074048,44, 752, 92, 22.75000000, 5.52000000,147.54485,  771.166841, 16.51954881, 13.90130769,-10.78961310, -398.778168,  0.441414574,12.2935804
craig-krenzel-1,KrenCr00, 1.000000,2004,148,23,76,225,4.840000,28.00000,112.0000,4.080000,18.60615,7.220000,33, 577,247, 14.87151515, 4.69303030,102.00814,  407.697380,  3.70122476,  0.29784374,  1.45894615, -416.868862, -4.471780401,16.6930578
craig-whelihan-1,WhelCr00, 1.000000,1995,197,24,77,220,4.629215,34.59658,117.8114,4.279415,18.14084,7.125248,20, 591, 80, -8.41050000,-6.01600000, 82.68129, -373.150970,-24.97986345, -0.42301342, -2.90900031, -396.731656, -0.045929887,12.5174403
curtis-painter-1,PainCu00, 2.000000,2009,201,24,76,230,4.870000,29.00000,102.0000,4.480000,19.07145,7.000000,46,1648,225,  2.29021739, 1.28326087,109.11335, -421.179273, 17.47403204,-14.50597683, -7.67747168, -598.695085,  3.497900678, 2.6025684
dak-prescott-1,PresDa01,63.000000,2016,135,23,74,226,4.790000,32.50000,116.0000,4.320000,18.69921,7.110000,49,1169,402, 10.83489796, 4.82612245,110.80533,  883.006234, 41.47602608,  9.22214313,-10.35074049, -164.688414,  9.301946086,29.3590739
dan-mcgwire-1,McGwDa00, 2.000000,1991, 16,23,80,240,4.737882,33.72807,116.2555,4.350444,20.00207,7.218340,47, 973,109,  5.80425532, 0.59957447,140.33330, 1321.328676, 52.30547736,  7.50289138,-12.65427807, -885.806043, -1.186954942,19.7596782
dan-orlovsky-1,OrloDa00, 4.000000,2005,145,22,77,230,4.930000,29.50000,107.0000,4.390000,19.07145,7.330000,46,1567,143, -3.28000000,-5.71260870,107.31663, -376.000997, 32.24885853,  8.22051884, -1.89701097, -873.701005,  0.010846934,11.2384454
daniel-jones-4,JoneDa05,49.863194,2019,  6,22,77,221,4.810000,33.50000,120.0000,4.410000,18.23390,7.000000,36,1275,406,  4.10388889, 3.39638889, 90.08007,-1236.172690,  5.92003554,-16.42870682, -5.65939687, -567.047509, -2.232847286,19.7637161
danny-etling-1,EtliDa00, 0.000000,2018,219,24,74,222,4.760000,30.50000,114.0000,4.370000,18.32696,7.090000,37, 973,201,  5.32837838, 4.46837838, 83.70930,  -61.493452,-14.51001174, -8.16609728, -8.31829684, -859.495334, -2.433632075, 4.8432150
danny-kanell-1,KaneDa00,13.000000,1996,130,22,75,218,4.618348,34.52846,117.6893,4.272313,17.95472,7.115939,45, 851, 55, 21.14777778, 4.75533333,165.24542,  439.180910, 62.38899891, 17.85390483, -6.39096775, -418.171929, -1.122062293,15.7582687
danny-wuerffel-1,WuerDa00, 4.000000,1997, 99,23,73,212,4.900000,28.00000,100.0000,4.420000,17.39635,7.309501,46,1170,185, 21.43478261, 5.46891304,171.16433, 2658.315796, 70.59028427, 59.70359129, -2.07143254,-1121.815095,  0.701846873,10.8179346
daunte-culpepper-1,CulpDa00,64.000000,1999, 11,22,76,264,4.520000,39.00000,122.0000,4.130000,22.23554,6.929421,33,1097,371, -0.62000000,-5.68333333,123.54182, 1497.564688,128.90404279, 19.26798574, -7.43706806, -471.304592,  4.280714986,43.6612430
dave-barr-1,BarrDa20, 0.000000,1995,119,23,75,210,4.574881,34.98525,118.5076,4.243901,17.21023,7.078702,35, 763,151,  4.83085714, 4.31628571,107.86475,  725.815284, 67.23124713, 11.71663797,  0.09136059, -946.351930, -4.657324771,11.7114491
dave-ragone-1,RagoDa00, 1.000000,2003, 88,23,75,245,4.990000,30.50000,101.0000,4.360000,20.46737,7.420000,41,1180,326,  5.23804878,-2.18487805,119.17283,  336.457948, 34.16831107, 18.29946274,-12.15531437, -727.411524, -4.810177344,10.8499492
david-carr-1,CarrDa00,46.000000,2002,  1,23,75,215,4.670000,35.00000,108.0000,4.280000,17.67554,7.050000,36, 901,177,  4.17527778,-2.36416667,118.86683, 1160.759559, 69.07315567, 22.48311942, -9.74762845, -618.334119,  1.634128371,15.6328437
david-fales-1,FaleDa00, 1.000000,2014,183,23,74,212,4.990000,28.00000,103.0000,4.500000,17.39635,7.550000,25, 938, 90,  2.53360000,-1.86800000,115.50239, 1543.168867, 75.03553304, 16.94331368, -4.77351397, -541.715319, -2.186754783, 0.2603040
david-garrard-1,GarrDa00,18.000000,2002,108,24,73,244,4.820000,33.50000,111.0000,4.260000,20.37431,7.350000,44,1169,516,  2.84500000,-1.57750000,113.66921,  815.036918, 27.05057082,  5.06793676, -2.73734804, -845.930408,  0.103213861, 8.4951269
david-klingler-1,KlinDa00,11.000000,1992,  6,23,75,210,4.820000,32.50000,111.0000,4.010000,17.21023,6.772146,32,1261,170, 10.97187500, 1.04156250,178.92178,  590.710157, 50.12895809, 36.19689149,-15.65175719, -776.304988, -4.439821277, 9.6819045
davis-webb-1,WebbDa00, 0.000000,2017, 87,22,77,229,4.790000,33.00000,118.0000,4.210000,18.97839,6.920000,35,1367, 77,  1.97028571, 4.15628571,123.54663, -155.927674, 30.51918399, 10.90799730, -4.50947481, -457.961946,  5.351613178,20.9336606
dennis-dixon-1,DixoDe00, 2.000000,2008,156,23,75,195,4.580000,35.84175,120.0419,4.247247,15.81431,7.083088,40, 695,258, 10.86600000, 5.13550000,124.01915,  232.308263, 36.39794769,  3.79553512, -1.90217930,  127.584984,  1.219817851,10.3523862
derek-anderson-1,AndeDe00,14.000000,2005,213,22,78,229,5.030000,29.00000,103.0000,4.620000,18.97839,7.670000,49,1515,182,  8.22346939, 3.93795918,110.87862,  529.384478,-87.97373172,  5.75438211,  6.19922703,-1285.156393,  0.452378045, 5.4316755
derek-carr-1,CarrDe02,51.000000,2014, 36,23,74,214,4.690000,34.50000,110.0000,4.200000,17.58248,7.021165,44,1630,164,  1.37250000,-3.62750000,126.72061,  984.366894,105.88043230, 27.97323544,-22.52419955, -547.561100, -2.521879177,30.1617226
deshaun-watson-1,WatsDe00,55.000000,2017, 12,21,74,221,4.660000,32.50000,119.0000,4.310000,18.23390,6.950000,38,1207,435, 17.82736842, 5.24421053,125.89614, 1307.807341,101.34154318, 26.00901696, -1.65821848,  -95.196374,  5.501445338,38.9181095
deshone-kizer-1,KizeDe00, 6.000000,2017, 52,21,76,233,4.830000,30.50000,107.0000,4.530000,19.35064,7.400000,25, 695,264,  9.50120000, 5.06320000,110.35053,  691.876882, 11.76498271, 10.04671670, -0.36535644, -237.500562,  5.517219278,23.3532581
desmond-ridder-1,RiddDe00,20.077405,2022, 74,23,75,211,4.520000,36.00000,127.0000,4.290000,17.30329,7.150000,50,1304,501, 11.96440000,-0.56920000,120.36397,  461.465505, 14.85313861, 15.50122526, -5.84568349, -107.388941,  4.629090472,24.0720427
don-majkowski-1,MajkDo00,36.000000,1987,255,23,74,197,4.830000,34.00000,116.0000,4.130000,16.00043,6.929421,33, 579,245,  3.17454545, 1.53121212,103.86696,  -65.341132,-23.98219857, -1.25520514,  2.00183812, -210.258288,  3.497480388, 3.8498065
donald-hollas-1,HollDo00, 3.000000,1991, 99,23,75,215,4.930000,28.50000,104.0000,4.310000,17.67554,7.165333,42, 606,235, -7.03833333, 2.66166667, 79.36282, -227.023397, 15.49081577,-10.86977272,  2.53725660, -135.083169,  9.888013831, 2.8704192
donovan-mcnabb-1,McNaDo00,55.000000,1999,  2,22,74,240,4.640000,33.00000,116.0000,4.380000,20.00207,7.257077,45, 938,465, 11.38288889, 1.28000000,138.31382, 1728.057202, 39.99426626, 32.39571119, -8.05504492, -301.031945,  0.486371342,36.7574897
drew-bledsoe-1,BledDr00,57.000000,1993,  1,21,77,238,4.727015,33.56878,115.9702,4.343341,19.81594,7.209031,30, 979,162,  3.62900000, 4.66066667,114.01864,  611.679000,  9.52034399,  4.86393532, -7.51445329, -814.937627,  3.915278486,33.7134477
drew-brees-1,BreeDr00,49.000000,2001, 32,22,72,209,4.830000,32.00000,105.0000,4.210000,17.11717,7.090000,45,1678,253, 10.82800000, 4.04622222,127.23085,  -33.180812,114.39400037, 11.54841709,-15.22341059, -101.723249,  3.809084515,44.3966049
drew-lock-1,LockDr00,15.269585,2019, 42,22,76,228,4.690000,31.00000,112.0000,4.120000,18.88533,7.030000,50,1553,202,  3.97720000, 3.21820000,102.88063,  722.758479,-39.30118784, 15.91064603, -3.49915064, -502.776071, -0.543468872,15.5398551
drew-stanton-1,StanDr00, 4.000000,2007, 43,23,75,236,4.750000,30.50000,108.0000,4.410000,19.62982,6.770000,45, 846,332,  4.07400000, 3.35577778,111.58016,  546.042071, 53.05861087,  0.93767422,  0.01705675,  137.518910,  1.415135733,14.5671922
dwayne-haskins-1,HaskDw00, 5.385697,2019, 15,22,75,231,5.040000,28.50000,106.8901,4.547919,19.16452,7.477155,22, 590,103, 19.22363636, 5.47818182,144.08759, 1023.084776, 59.30445913, 21.86400723, -6.81246967, -283.132410, -0.890254771,13.6016463
ej-manuel-1,ManuEJ00,11.000000,2013, 16,23,77,237,4.650000,34.00000,118.0000,4.210000,19.72288,7.080000,43, 897,298, 11.83813953, 1.94372093,118.90307, 1239.670859, 59.31375912,  0.36595290,  2.35387310, -500.249390, -2.551016388,23.7480721
eli-manning-1,MannEl00,48.000000,2004,  1,23,76,218,4.900000,34.61962,117.8526,4.456410,17.95472,7.357221,43,1363,128,  6.69093023, 1.81720930,118.27581,  501.872234, 65.87557055, 15.48299330,-11.67978049, -660.095261, -0.395862549,12.9757971
elvis-grbac-1,GrbaEl00,20.000000,1993,219,23,77,232,4.810000,31.50000,112.0000,4.500000,19.25758,7.414351,48, 835, 80, 18.75000000, 5.58000000,138.60156,  645.441476, 75.07708472, 35.45076216, -4.64165210, -554.965123, -2.015207298,17.8913843
eric-zeier-1,ZeieEr00, 5.000000,1995, 84,23,73,214,4.596615,34.57453,117.7719,4.258107,17.58248,7.097321,44,1402,158,  9.16000000, 2.57000000,127.12436, 1332.291616, 75.26846259,  4.17615225,-19.29972198, -942.512239, -1.900761444,28.4154326
erik-ainge-1,AingEr00, 0.000000,2008,162,22,77,225,4.980000,21.50000,108.0000,4.600000,18.60615,7.510000,43,1210, 82, 10.98906977, 5.86000000,105.73097,  190.014091, 25.48323738, 12.45588573, -4.63337074, -568.442178, -2.390924885, 9.9972838
erik-wilhelm-1,WilhEr00, 3.000000,1989, 83,23,75,217,5.180000,26.00000,101.0000,4.210000,17.86166,7.034271,33,1480,209, -1.50666667, 7.16333333, 74.75459, -777.726310, 81.83035954, -7.39490570, -7.75004635,-1153.702995, -4.734841519, 2.9243047
gardner-minshew-1,MinsGa00,26.388960,2019,178,23,73,225,4.970000,33.50000,116.0000,4.450000,18.60615,7.140000,30,1168, 96, -1.10200000,-0.05633333,105.43859, -383.880018, 64.00208207, -1.06423173,-11.55475063, -403.446547, -0.571543970,26.6678506
garrett-grayson-1,GrayGa00, 0.000000,2015, 75,24,74,215,4.750000,34.60859,117.8329,4.358365,17.67554,7.228721,37,1113,212, -1.57054054,-4.01729730,107.81355, 1117.524137, 23.78329603,  6.26114613, -4.89565954, -679.939444, -5.802793038, 0.0322575
geno-smith-1,SmitGe00,16.000000,2013, 39,22,75,218,4.580000,33.50000,124.0000,4.247247,17.95472,7.083088,44,1465,245,  7.40613636, 1.88318182,117.54803, 1050.503481,104.83637153, 21.46194406,-21.43787278, -752.104255, -7.209143625,40.4329363
gino-torretta-1,ToreGi00, 0.000000,1993,192,23,74,215,4.602048,34.60859,117.8329,4.261658,17.67554,7.101975,44, 991,110, 20.97250000, 4.59750000,142.82108,  825.234861, 25.09392658,  5.38377421,-18.42980191, -402.695689, -2.067611990,13.6637311
glenn-foley-1,FoleGl00, 7.000000,1994,208,23,74,210,4.574881,34.89409,118.3443,4.243901,17.21023,7.078702,44,1275,166,  4.78500000, 2.75500000,106.49031, 1108.435282, 15.07665867, 16.25621557,  7.10919192, -978.154387, -6.247203010, 8.2656699
greg-mcelroy-1,McElGr00, 1.000000,2011,208,23,74,222,4.840000,33.00000,107.0000,4.450000,18.32696,7.110000,35, 658,114, 19.50771429, 5.14371429,120.11011,  959.966922, 44.32615073,  5.73796101,-10.43154034, -433.518099, -3.190398867,12.3276430
gus-frerotte-1,FrerGu00,34.000000,1994,197,23,75,237,5.040000,26.00000,102.0000,4.790000,19.72288,7.794432,42, 860,163, -3.43857143,-2.58833333, 96.26614, -554.376760,-34.07330913, -5.73918657,  2.74629449, -575.358034, -3.106228730,13.3843233
heath-shuler-1,ShulHe00, 6.000000,1994,  3,22,74,216,4.607481,34.55149,117.7306,4.265210,17.76860,7.106630,33, 513,158, 14.09333333, 3.70333333,139.10484,  497.743586, 37.33763898, 13.55996303, -8.87161426, -242.844907,  8.208910479,21.8295398
ingle-martin-1,MartIn00, 0.000000,2006,148,24,74,220,4.710000,36.00000,111.0000,4.170000,18.14084,7.130000,16,  87, 25,  9.10250000, 6.16500000, 99.44850,  129.254407,  4.58215438, -1.18071896, -0.90036718,  -33.063288, -1.057450646, 8.7604008
isaiah-stanback-1,StanIs00, 0.000000,2007,103,23,75,216,4.600000,34.64266,117.8939,4.260320,22.00000,7.100221,36, 523,234, -0.36250000, 5.23861111, 83.41895,  173.327715,-34.72515651, -3.33720360, -5.29554484, -174.434675,  1.394004173,10.5327751
jacob-eason-1,EasoJa00, 1.720352,2020,122,22,78,231,4.890000,27.50000,110.0000,4.750000,19.16452,7.500000,29, 782, 82,  9.50586207, 3.07862069, 99.63222, -253.717840, -0.95508664, -3.69993157, -4.50972732, -506.599756, -1.866045581,16.5040990
jacoby-brissett-2,BrisJa00,23.000000,2016, 91,23,76,231,4.940000,31.00000,113.0000,4.530000,19.16452,7.170000,39, 839,283,  6.53179487, 2.30820513,102.52969, -361.628956,  2.56861318,  2.36606125, -8.70835798, -404.181127, -1.143428802,12.9619126
jake-fromm-1,FromJa00, 3.326968,2020,167,22,74,219,5.010000,30.00000,111.0000,4.510000,18.04778,7.270000,43, 982,134, 20.31790698, 6.20255814,120.15154,  904.663000, 30.81125588, 24.69437770, -7.81505640, -578.032035, -3.276394612,16.3873667
jake-locker-1,LockJa00,16.000000,2011,  8,23,74,228,4.510000,35.00000,120.0000,4.120000,18.88533,6.770000,40,1147,454,  2.86300000, 6.92100000, 88.68117, -522.164113,-62.00576154, -4.56377929, -0.93241132,  -38.719280,  8.757951164,17.3524795
jake-luton-1,LutoJa00, 4.933584,2020,189,24,78,224,4.650948,34.45934,117.5655,4.293621,18.51309,7.143867,29, 797,116, -6.84448276, 1.69379310, 97.11521, -309.922897, 16.79738766, -0.31858860, -5.94547384, -666.229859,  0.575307424,11.4369354
jake-plummer-1,PlumJa00,40.000000,1997, 42,22,74,212,4.960000,30.00000,111.0000,4.290000,17.39635,7.139121,42,1107,289,  7.12571429, 4.74738095,116.62734,  862.452261,  9.71827723, 12.64336758, -7.69429443,-1280.829035, -6.395192006, 6.0702262
jalen-hurts-1,HurtJa00,67.591598,2020, 53,22,73,222,4.590000,35.00000,125.0000,4.253783,18.32696,7.091654,56,1047,614, 21.99339286, 5.94678571,139.99172, 1683.329485, 56.36086656, 23.38098697, -7.86011788,  426.852280, 14.109927132,42.2145441
jamarcus-russell-1,RussJa00, 6.000000,2007,  1,22,78,265,4.830000,32.11825,113.3717,4.410656,22.32860,7.297255,36, 797,139, 15.17027778, 3.76888889,120.58862,  988.907761, 30.26038090, 13.24002195, -5.44700447, -496.321313, -1.702040624,30.7811907
jameis-winston-1,WinsJa00,59.000000,2015,  1,21,76,232,4.970000,28.50000,103.0000,4.360000,19.25758,7.160000,27, 851,145, 19.08444444, 3.13888889,147.30460, 1801.613766, 56.23344341, 20.99883912,  3.52957037, -382.021911,  0.213681379,23.8231915
james-morgan-1,MorgJa00, 0.000000,2020,125,23,76,229,4.890000,29.00000,112.0000,4.640000,18.97839,7.510000,42,1221,130, -7.44738095,-5.49333333, 96.54716, -433.496483,-32.01240652, -1.27449963,  1.57786706, -772.286808, -3.151471386, 4.6249855
jared-goff-1,GoffJa00,53.000000,2016,  1,21,76,210,4.820000,27.00000,110.0000,4.470000,17.21023,7.170000,37,1568,170,  1.39621622, 6.47675676,113.53346,  801.273353, 47.32379648, 14.55623655,-14.94748387, -897.618045, -6.932637058,23.3676314
jarious-jackson-1,JackJa01, 0.000000,2000,214,23,72,228,4.680000,30.84441,109.0000,4.312610,18.88533,7.168754,36, 536,272,  9.57222222, 5.12416667,110.75631, 1021.788794, 14.31208107,  8.64648942,  1.56289703, -115.676096,  2.326447033, 7.6488224
jarrett-stidham-1,StidJa00, 5.385697,2019,133,23,74,218,4.810000,31.00000,110.0000,4.330000,17.95472,7.280000,37, 848,211, 14.10756757, 4.46540541,126.15275,  951.937406, 39.86027401,  2.66740091,-10.07749399, -751.605497, -0.890738134, 7.2037535
jason-campbell-1,CampJa00,36.000000,2005, 25,23,77,223,4.710000,34.42528,117.5045,4.332220,18.42003,7.194454,48, 854,249, 11.84541667, 4.10062500,104.23763, 1252.807943, 69.57192725,  3.68131997, -4.75838333, -718.797001, -1.404778480,22.2940928
jay-cutler-1,CutlJa00,52.000000,2006, 11,23,75,225,4.770000,34.12876,116.9733,4.260000,23.00000,7.100000,45,1242,453, -5.31711111, 2.16600000, 79.10428,  -76.654074,  0.67544063, -0.68547906, -5.11963120, -617.214069, -1.955420118,10.0729213
jay-walker-1,WalkJa22, 0.000000,1994,198,22,75,229,4.678115,33.90036,116.5642,4.311378,18.97839,7.167139, 1,   4,  3,-19.41000000,-5.69000000, 80.37273,   -7.939534, -1.14225581, -0.17525425,  0.83052201,   -6.915570, -0.110731689,11.0638904
jeff-blake-2,BlakJe00,37.000000,1992,166,21,73,223,4.860000,30.50000,115.0000,4.600000,18.42003,7.545413,36, 667,212,  1.67833333,-0.40694444,117.25955,  460.360938,  2.48108637, 13.99007609, -8.42604180, -364.872976, -0.123631744,33.1988236
jeff-driskel-1,DrisJe00, 6.000000,2016,207,23,76,234,4.560000,32.00000,122.0000,4.250000,19.44370,7.190000,42,1000,312,  8.31142857, 1.97119048,103.25960,  163.527339, 12.29625031, -2.24482659, -0.20304218, -455.631087, -0.442921500,20.2621835
jeff-francis-1,FranJe20, 0.000000,1989,140,23,76,225,4.900000,29.50000,102.0000,4.510000,18.60615,7.427457,45, 768,188,  8.92977778, 3.65688889,112.62110,  581.701855, 67.51890699,  0.05810077, -9.52748919, -713.393877, -4.086545108, 7.0090786
jeff-george-1,GeorJe00,33.000000,1990,  1,22,76,218,4.618348,34.61962,117.8526,4.272313,17.95472,7.115939,34, 979, 79,  4.18941176, 3.94205882, 88.42327, -621.133618, 51.25739617, -5.60223652, -9.18054225, -892.622354, -2.962719219,18.5397992
jesse-palmer-1,PalmJe00, 1.000000,2001,125,22,74,225,4.780000,35.50000,112.0000,4.290000,18.60615,7.130000,27, 479, 67, 17.86629630, 6.11555556,132.16143,  394.232438, -5.99612832,  8.74883840, -0.09446657, -389.768290,  3.272753049,13.4596314
jim-druckenmiller-1,DrucJi00, 1.000000,1997, 26,24,76,241,4.743315,33.30632,115.5000,4.353995,20.09513,7.222994,38, 582,142, 11.76657895, 1.13157895,126.68623,  321.003688, -2.45360641,  7.10161694, -3.57700853, -328.306672, -5.711833862,10.4381514
jim-harbaugh-1,HarbJi00,30.000000,1987, 26,23,75,215,4.602048,34.69976,117.9962,4.261658,17.67554,7.101975,49, 620,217, 15.93938776, 6.12244898,117.28937, 1199.767324, 54.34737485,  6.09633500, -6.81371045, -538.651737,  4.404435166,18.9970743
jim-miller-7,MillJi00, 1.000000,1994,178,23,74,226,5.130000,24.50000,100.0000,4.390000,18.69921,7.270183,36, 746,129,  3.04916667, 5.37416667, 86.08269, -197.189536, 62.53902151,-15.92514279, -1.58062836, -802.260832, -4.787815431, 3.0793817
jimmy-clausen-1,ClauJi00, 1.000000,2010, 48,22,75,217,4.760000,34.58556,117.7916,4.364901,17.86166,7.237288,35,1110,175,  1.89857143, 2.98657143, 89.00803,  302.697267, 38.14137439,  5.03154879, -7.70738071,-1112.801965, -2.751205066,17.9947058
joe-burrow-1,BurrJo01,64.378366,2020,  1,23,75,221,4.634648,34.35716,117.3825,4.282967,18.23390,7.129903,38, 945,258, 20.73157895, 6.45026316,140.60626, 1782.269030, 79.21484613, 26.06560316,-13.44475240, -371.860351,  0.820344905,23.4360075
joe-flacco-1,FlacJo00,62.000000,2008, 18,23,78,232,4.840000,28.50000,110.0000,4.270000,19.25758,6.820000, 3,   4,  6,  2.96000000,-1.54000000,102.65800,  -17.280136, -1.27843434, -0.19570767, -0.13207904,  -24.903006, -0.241932765,23.8895968
joe-germaine-1,GermJo00, 1.000000,1999,101,24,72,202,4.800000,32.00000,102.0000,4.210000,16.46574,7.034271,37, 741,111, 20.86405405, 5.26972973,134.97864, 1051.342559, 38.61541134, 20.28710133, -6.62971032, -715.916714, -4.373954748, 2.6101078
joe-hamilton-1,HamiJo20, 0.000000,2000,234,23,70,190,4.810000,29.73727,106.0000,4.397583,15.34901,7.280121,43,1020,501,  8.27767442, 3.24697674,118.01421, 1636.917349, 76.26084924, 16.38739976,  2.17737314, -228.751906, -1.876156429, 0.5027124
joey-harrington-1,HarrJo00,28.000000,2002,  3,23,76,220,4.890000,32.00000,112.0000,4.210000,18.14084,7.000000,34, 928,145, 13.42705882, 3.92176471,125.32952,  455.697867,  3.15180973, 15.78233606, -9.86767922, -371.836022, 11.978442880,19.1814835
john-beck-1,BeckJo00, 4.000000,2007, 40,26,74,215,4.750000,29.50000,111.0000,4.170000,17.67554,6.810000,43,1418,267,  5.20604651, 2.08837209,112.08478,  987.698636, 65.18043463, 10.20782887,-12.94110357,-1067.496957, -1.960799178, 2.1241595
john-navarre-1,NavaJo00, 0.000000,2004,202,23,78,250,5.190000,26.50000,100.0000,4.460000,20.93268,7.730000,46,1327,144, 13.90304348, 4.98434783,115.68450, -345.849942,  1.29589540,  6.37161153,-15.41195827, -830.979123, -4.066742172, 8.7558334
johnny-manziel-1,ManzJo00, 4.000000,2014, 22,21,72,207,4.680000,31.50000,113.0000,4.030000,16.93105,6.750000,26, 863,345, 16.71500000, 5.10000000,152.22446, 1528.218793, 75.99038613, 17.84948969, -2.59845520,  600.401779, 13.983740892,47.4268410
jonathan-quinn-1,QuinJo00, 3.000000,1998, 86,23,78,243,4.754182,33.37444,115.6220,4.361098,20.28125,7.232304, 5,  68, 18,-13.52000000, 1.48000000, 50.16390,  -96.191851, -4.31420877, -1.16093906,  4.40237691, -164.539842, -0.684852836,22.4923763
jordan-love-2,LoveJo03, 6.540199,2020, 26,21,76,224,4.740000,35.50000,118.0000,4.520000,18.51309,7.210000,38,1125,170,  1.92868421,-3.29236842,123.47660,  208.211494, 11.92776219, -1.29369096, -0.46290476, -380.086287,  1.047805730,24.9812174
jordan-palmer-1,PalmJo20, 0.000000,2007,205,23,77,232,4.980000,30.50000,104.0000,4.580000,19.25758,7.320000,46,1427,216, -5.71217391,-4.96086957,114.18231,  978.906066, 26.69651124, 18.70439952, 16.70213774, -936.640954, -1.892021606, 5.7130498
josh-allen-7,AlleJo02,74.000000,2018,  7,22,77,237,4.750000,33.50000,119.0000,4.400000,19.72288,6.900000,27, 649,237, -0.53481481,-2.66925926,100.69643,  265.336366,-19.12899892,  9.38159058,  3.22083426, -341.146830,  0.752266805,23.9246106
josh-freeman-1,FreeJo00,39.000000,2009, 17,21,78,240,4.900000,33.50000,119.0000,4.430000,20.00207,7.110000,35,1151,214,  0.06028571, 1.35771429,116.76441,    4.372912,  0.96972276,-13.23638386, -3.20303414, -571.422353, 10.748189447,34.5168108
josh-mccown-1,McCoJo01,15.000000,2002, 81,23,76,212,4.590000,38.50000,120.0000,3.900000,17.39635,6.850000,30, 664,198, -8.74533333,-2.82733333, 68.29342, -606.254262,-20.84174902, -3.55842153, 10.25179407, -582.776236, -3.982173554,13.6917014
josh-rosen-1,RoseJo01, 3.000000,2018, 10,21,76,226,4.920000,31.00000,111.0000,4.280000,18.69921,7.090000,30,1170,109,  4.54366667, 4.49333333,105.97887,  733.459438, 20.36217767, -2.71846901, -6.50157113, -659.758767,  0.903382166,28.9174566
joshua-dobbs-1,DobbJo00, 0.000000,2017,135,22,75,216,4.640000,33.00000,122.0000,4.310000,17.76860,6.750000,37, 999,438, 10.51675676, 4.67540541,112.11546, -175.098732, 23.21202422,  0.33506073,  0.90785799,  120.981607, 11.361319093,26.7042932
justin-herbert-1,HerbJu00,74.018061,2020,  6,22,78,236,4.680000,35.50000,123.0000,4.460000,19.62982,7.060000,43,1293,231,  8.55511628, 2.32813953,121.48007,  910.333599, 51.55292214, 24.68049344,-11.18156847, -512.013589,  2.075789306,33.0379200
keith-wenning-1,WennKe00, 0.000000,2014,194,23,75,218,5.000000,28.00000,100.0000,4.250000,17.95472,7.070000,49,1642,190, -4.48877551,-5.75163265,104.74924, -524.429926, 46.82791478,  6.24892254, -5.47813623, -525.891660,  4.272822054, 4.0536826
kellen-clemens-1,ClemKe00, 3.000000,2006, 49,23,74,224,4.890000,34.09470,116.9123,4.449874,18.51309,7.348655,37,1005,273,  6.68513514, 3.78135135,109.03203,  439.336410, 38.02897369, 12.50540468, -9.14993600, -596.121437, -5.264726789,11.4761873
kelly-stouffer-1,StouKe00, 5.000000,1987,  6,23,75,210,4.950000,28.00000,108.0000,4.510000,17.21023,7.427457,32,1015,141, -2.10812500, 1.53093750, 97.88565,  189.172111, 33.61153506, -4.79019450, -9.25341655,-1017.945238, -2.911957396, 4.1259535
ken-dorsey-1,DorsKe00, 1.000000,2003,241,22,76,218,4.700000,34.61962,117.8526,4.325683,17.95472,7.185888,41,1153, 59, 21.54000000, 4.29487805,152.57408, 1526.162601, 32.84090140, 31.69097063,-12.39852255, -317.835385, -0.480295784,21.3129550
kenny-pickett-1,PickKe00,35.452386,2022, 20,24,75,217,4.730000,33.50000,121.0000,4.290000,17.86166,7.139121,52,1674,416,  5.11269231, 2.07519231,101.01809, -252.073281, 24.69142350,-10.66155662,-11.41338011,-1089.955762,  0.609936711, 8.2645489
kent-graham-1,GrahKe00, 8.000000,1992,211,23,77,231,5.140000,27.50000,103.0000,4.210000,19.16452,7.034271,46, 228, 94, 14.65043478, 5.11152174,118.70525,   16.741751,  4.24813349, -1.78521284,  4.13604682, -403.752982, -2.505260124, 8.1689587
kerry-collins-1,CollKe00,28.000000,1995,  5,22,77,248,4.781349,32.99778,114.9473,4.378855,20.74656,7.255576,45, 657, 57, 17.88333333, 4.85866667,155.99054,  695.662222, 10.96632449,  9.31049531, -4.97142406, -231.831414, -2.136690503,15.2067384
kerwin-bell-2,BellKe00, 0.000000,1988,180,23,75,207,5.070000,28.50000,102.0000,4.630000,16.93105,7.584732,42, 953,173, 14.58452381, 7.12380952,114.09857, 1063.227983, 40.59767944, 18.05527901, -9.75268941,-1226.055791, -2.114981382, 2.1469766
kevin-hogan-2,HogaKe00, 2.000000,2016,162,23,75,217,4.780000,32.50000,113.0000,4.310000,17.86166,6.900000,51,1103,315, 16.58901961, 6.29392157,108.33129, 1371.902812, 71.31576688, 17.60962873, -2.42356096, -198.679739,  0.334810122,21.5311038
kevin-kolb-1,KolbKe00,10.000000,2007, 36,23,75,218,4.850000,32.50000,112.0000,4.440000,17.95472,6.940000,50,1565,472, -1.79580000,-2.61900000,114.67674, 1869.135250, 61.17820918,  9.07297810,-20.89459363,-1201.680161,  1.615681222,22.8471556
kevin-oconnell-2,OConKe00, 0.000000,2008, 94,23,77,225,4.610000,31.00000,113.0000,4.380000,18.60615,7.010000,39,1151,395, -4.80384615, 0.75538462, 86.23992, -392.252076, -6.68120238,-10.17920157, -3.44649031, -342.002224,  2.425413827,15.7975168
kevin-sweeney-1,SweeKe00, 2.000000,1987,180,23,72,191,4.471648,35.79667,119.9612,4.176424,15.44207,6.990265,57,1336,364,  0.62228070,-8.52017544,130.75929, 1468.387841, 15.80613021, 12.26261738,-15.36341783,-1771.755346, -4.693769001, 6.3715082
kirk-cousins-1,CousKi00,31.000000,2012,102,24,75,214,4.840000,28.50000,109.0000,4.500000,17.58248,7.050000,45,1128,111,  7.59755556, 1.66844444,107.27720, 1005.088883, 47.56663904,  8.33493064, -3.88664682, -617.750746, -4.031903907, 3.1328565
kliff-kingsbury-1,KingKl00, 0.000000,2003,201,24,76,231,4.770000,30.00000,101.0000,4.100000,19.16452,6.920000,43,1883,273,  6.40465116, 2.74720930,117.84053, -694.157220,193.25605226,  6.28755956,-25.73695185,-1271.949717, -6.495154977,18.0509555
kordell-stewart-1,StewKo00,36.000000,1995, 60,22,73,218,4.520000,36.00000,125.0000,4.130000,17.95472,6.929421,33, 785,302, 15.19818182, 4.17242424,132.26561,  992.842358, 28.50725340, -1.90799828,-12.38315013,   79.242536,  3.632536411,37.9830658
koy-detmer-1,DetmKo00, 1.000000,1997,207,24,73,195,5.140000,28.50000,103.0000,4.370000,15.81431,7.243970,29, 594, 76, 16.08620690, 4.53103448,129.33720, 1258.311746, 31.69931255, 13.14472560,  2.57691405, -335.093502,  0.041817174, 9.0660298
kurt-kittner-1,KittKu00, 1.000000,2002,158,22,74,221,4.860000,27.00000,100.0000,4.500000,18.23390,7.340000,42,1229,192,  5.50333333, 3.68690476,103.42149, -153.874743, -5.09594893,  8.26597861,-10.88756131, -595.634824, -0.750653010,11.5403924
kyle-boller-1,BollKy00,18.000000,2003, 19,22,75,220,4.610000,35.50000,117.0000,4.020000,18.14084,7.200000,43,1301,275,  1.15697674, 5.35837209, 89.39852,-1087.927774,-93.69868304,  2.88686535,  2.23690836,-1278.464618, -5.458922664, 8.6058846
kyle-orton-1,OrtoKy00,22.000000,2005,106,22,76,226,5.060000,26.50000,103.3073,4.520000,18.69921,7.380000,44,1336,271,  8.63227273, 3.76909091,104.51183, -112.220544, 32.42042007, -1.60289448,-17.07841720, -802.100043, -5.252348251,13.2096821
kyler-murray-1,MurrKy00,67.159998,2019,  1,22,70,207,4.558581,34.70075,117.9980,4.233247,16.93105,7.064739,29, 519,207, 15.91000000, 5.46689655,143.72947, 1571.871087, 39.96337333, 21.94891046, -0.08671749,  518.328561,  3.196412012,30.3356621
lamar-jackson-1,JackLa00,74.000000,2018, 32,21,74,216,4.607481,34.55149,117.7306,4.265210,17.76860,7.106630,38,1086,655,  9.48157895, 3.02131579,125.25391, 1033.622147,-23.34297318, 11.40914546, -2.97474843, 1080.150687, 19.145934963,42.0977029
landry-jones-1,JoneLa02, 4.000000,2013,115,24,76,225,5.110000,31.00000,115.0000,4.300000,18.60615,7.120000,53,2183,132, 16.11660377, 6.04018868,130.45984,  864.004690, 77.08855268, 10.26562713,-12.40210917, -960.686779, -3.005014836, 8.9526616
levi-brown-1,BrowLe00, 0.000000,2010,209,23,75,229,4.930000,31.50000,106.0000,4.430000,20.00000,7.070000,23, 830, 87,  2.00391304,-4.39173913,123.70246,  376.661193, 30.59984920, -2.96426759,-13.66367112, -355.846779, -2.900714430, 5.8133157
logan-thomas-1,ThomLo00, 0.000000,2014,120,23,78,248,4.610000,35.50000,118.0000,4.180000,20.74656,7.050000,47,1248,495,  7.17382979, 2.32382979, 92.96119,  -71.750033,-58.88583986,-13.18204667,  3.45585019, -871.527823,  1.236327725,25.8783746
logan-woodside-1,WoodLo00, 0.000000,2018,249,23,73,213,4.790000,31.50000,103.0000,4.150000,17.48941,6.940000,43,1166,146,  2.23488372,-4.89558140,125.49920, 1953.273637, 68.59735147, 31.46963958, -7.25690552, -589.423307, -2.854922990, 8.5460885
luke-falk-1,FalkLu00, 1.000000,2018,199,23,76,215,4.602048,26.50000,103.0000,4.261658,17.67554,7.101975,42,2054,251,  6.37452381, 2.86023810,113.58693, -603.779058,188.85352687, 10.54802337,-18.07193015,-1566.678013, -7.773364122,19.0776629
luke-mccown-1,McCoLu00, 6.000000,2004,106,23,75,208,4.710000,37.50000,125.0000,4.210000,17.02411,6.740000,43,1775,274, -6.82534884,-2.94511628,105.64774,  206.545988, 75.65412873,  2.72113355,  0.81987206,-1052.929791, -1.535534545,10.7183863
marc-bulger-1,BulgMa00,30.000000,2000,168,23,75,215,4.970000,27.52299,100.0000,4.340000,17.67554,7.460000,38,1023,107,  5.32631579, 0.23368421,114.77450,  838.271049, 74.70179880,  9.84697411, -2.83737764, -750.121850, -2.236277777, 1.9402380
marcus-mariota-1,MariMa01,48.000000,2015,  2,21,76,215,4.520000,36.00000,121.0000,4.110000,17.67554,6.870000,41,1167,337, 22.30243902, 5.08146341,160.40866, 2329.747615, 81.76841185, 44.30783189,-19.18488505,  694.198441, 13.315677961,55.8372033
mark-brunell-1,BrunMa00,40.000000,1993,118,22,73,217,4.700000,30.50000,112.0000,4.190000,17.86166,7.008058,33, 498,190, 21.25060606, 7.00848485,144.09626,  -28.331955, -6.96737453,  2.03872753, -5.12876546,  -71.338468, 11.804872844,14.8192719
mark-sanchez-1,SancMa00,28.000000,2009,  5,22,74,225,4.930000,32.50000,116.0000,4.210000,18.60615,7.060000,27, 487, 70, 20.59555556, 4.89703704,129.16734,  556.335346, 25.04287558, 16.66636641,  0.52086701, -269.557228,  0.903545414,18.0497345
mark-vlasic-1,VlasMa00, 3.000000,1987, 88,23,75,205,4.547714,35.27075,119.0191,4.226144,16.74492,7.055430,47, 236, 36, 12.32170213, 2.82978723,142.53113,  320.654188,  7.10620172,  4.40467441, -5.96117221, -269.439462, -0.256445713, 4.6786889
marques-tuiasosopo-1,TuiaMa00, 1.000000,2001, 59,22,73,220,4.710000,35.50000,115.0000,4.350000,18.14084,7.360000,42, 761,346, 10.98666667, 6.38333333,115.79484,  188.736317,  4.22677138, -4.19640055,  0.74093480,    3.047782,  6.020558965,19.9745288
mason-rudolph-1,RudoMa00, 5.000000,2018, 76,23,77,235,4.900000,26.00000,102.4116,4.456410,19.53676,7.357221,42,1447,225, 10.21547619, 2.19619048,137.23741, 2972.345975, 59.42186310, 15.50237681,-14.10242291,-1020.089188,  6.408396445,14.9335926
matt-barkley-1,BarkMa00, 2.000000,2013, 98,22,75,227,4.910000,34.01456,116.7687,4.462946,18.79227,7.365788,47,1562,132, 10.84914894, 4.88425532,112.03640, 1034.450651, 62.97369342, 35.45920282,  2.06332752, -698.557796,  0.003544619,28.5130063
matt-blundin-1,BlunMa00, 0.000000,1992, 40,23,75,233,4.990000,25.50000,103.0000,4.530000,19.35064,7.453670,25, 304, 48, 10.68480000, 2.36080000,128.64692,  425.493912, 16.01176206,  9.74923859, -5.96289770, -235.226583,  1.193825926, 5.1627690
matt-corral-1,CorrMa00, 0.000000,2022, 94,23,74,212,4.585748,34.77989,118.1397,4.251004,17.39635,7.088012,37, 912,334,  7.10621622, 4.97594595,116.32050, 1431.935145, 54.64898576,  6.99335315, -0.58883973, -170.800614,  2.608326268,13.0099838
matt-flynn-1,FlynMa00, 3.000000,2008,209,23,74,228,4.790000,28.00000,109.0000,4.340000,18.88533,7.210000,41, 437,128, 16.00097561, 4.36975610,124.98470,   44.338493,-12.49128650,  9.42394011, -1.04950988, -202.731944, -0.478461759, 7.0734142
matt-hasselbeck-1,HassMa00,18.000000,1998,187,22,76,223,4.645515,34.33412,117.3412,4.290070,18.42003,7.139212,37, 701,173, -1.41594595, 2.80675676, 81.12978, -406.040299, 12.11417605,-11.32594850,  0.66234787, -880.808362, -2.955863215,13.9671322
matt-leinart-1,LeinMa00,12.000000,2006, 10,23,77,225,4.900000,34.31108,117.2999,4.456410,18.60615,7.357221,39,1245,132, 24.59000000, 6.20666667,161.28574, 1875.451559, 93.23091170, 38.99582314,-17.96935213, -617.174192,  3.539378665,23.7423623
matt-mauck-1,MaucMa00, 1.000000,2004,225,25,73,213,4.790000,34.63163,117.8742,4.384510,17.48941,7.262988,23, 529,149, 16.73869565, 3.72478261,116.92059,   72.149742, 11.07006739, 11.56916385,  0.20509551, -268.399880, -1.283012851, 4.6939565
matt-ryan-1,RyanMa00,73.000000,2008,  3,23,76,217,4.890000,34.67672,117.9549,4.510000,17.86166,7.400000,43,1347,168,  9.60651163, 1.23093023,100.53047, -152.951033, 16.74284075,-10.31444356, -7.05791279, -645.791495,  3.969190373,10.9153652
matt-schaub-1,SchaMa00,22.000000,2004, 90,23,77,235,5.040000,30.50000,110.0000,4.620000,19.53676,7.650000,40,1069,132,  5.23575000, 4.07800000, 95.03086,  -48.930995,116.50505232,  4.58917210,-10.46256180, -483.758846, -0.602699779,18.1140067
matthew-stafford-1,StafMa00,47.000000,2009,  1,21,74,230,4.810000,30.50000,107.0000,4.470000,19.07145,7.060000,39, 987,141, 13.00333333, 4.64333333,112.17515,  802.032172,-18.15570217,  1.89759594,  1.06844335, -386.504965, -0.035244667,25.1593721
michael-bishop-1,BishMi00, 0.000000,1999,227,23,74,215,4.850000,33.00000,113.0000,4.620000,17.67554,7.571626,23, 480,324, 16.97434783, 1.45347826,160.31138,  937.318607,-16.20661389, 12.68276431, -4.20976412,   30.905343, 10.242495705, 6.7066465
michael-vick-1,VickMi00,53.000000,2001,  1,21,72,215,4.330000,34.42627,117.5063,4.083838,17.67554,6.868921,22, 343,235, 19.00545455, 2.35818182,156.03598,  920.785620,  5.30090449,  5.29232242, -1.30814041,  368.171597,  7.453442699,32.9439890
mike-cherry-1,CherMi00, 0.000000,1997,171,23,75,226,5.110000,28.50000,105.0000,4.380000,18.69921,7.257077,10,  40,  9,  2.42200000, 3.89300000, 73.45546,  -39.979365, -1.00439514, -0.86288031,  1.45732198,  -45.259578, -0.343179691, 9.6753068
mike-elkins-1,ElkiMi00, 0.000000,1989, 32,23,75,221,5.020000,29.50000, 97.0000,4.500000,18.23390,7.414351,37,1109,131,  1.02837838,-0.44378378,101.65993, -313.102419, 17.95450582, -1.47446229, -1.58501409, -654.078795, -1.904751178, 3.8929434
mike-glennon-1,GlenMi00,13.000000,2013, 73,23,79,225,4.940000,26.50000,102.0000,4.520000,18.60615,7.490000,36,1069,111,  2.16583333,-0.28722222,102.60299, -349.141625, -0.08930601,  7.10633454,  1.02299715, -776.034670, -2.051330592, 8.7550469
mike-kafka-1,KafkMi00, 0.000000,2010,122,23,75,216,4.930000,32.00000,110.0000,4.370000,17.76860,6.960000,30, 637,268, -0.60866667,-1.04066667, 89.44069, -297.711350, 31.32104416,-12.24742532,  0.22677507, -271.431373, -0.783293519, 9.0418086
mike-mcmahon-1,McMaMi00, 6.000000,2001,149,22,74,215,4.570000,37.50000,124.0000,4.120000,17.67554,7.120000,35, 974,214,-12.80085714, 0.29342857, 71.51040, -268.212163,-46.62067023, -4.78475046, 17.21265639, -663.567804, -0.610852079, 3.8255568
mike-white-6,WhitMi01, 5.000000,2018,171,23,77,224,5.090000,27.00000, 96.0000,4.400000,18.51309,7.400000,44,1393,136, -5.05931818,-4.86818182, 96.07285, 1026.294281, 37.25560825,  0.57521010, -7.69420743,-1099.908645, -0.374789637, 1.6493686
mitch-trubisky-1,TrubMi00,35.000000,2017,  2,23,74,222,4.670000,27.50000,116.0000,4.250000,18.32696,6.870000,31, 572,120,  7.19612903, 2.31258065,118.71053,  546.914763, 47.95566606, 10.41785742, -5.78669792, -124.922219,  2.263272871,13.8746692
moses-moreno-1,MoreMo00, 1.000000,1998,232,23,73,205,4.547714,35.08843,118.6925,4.226144,16.74492,7.055430,37, 787,169,  6.17864865,-2.02891892,128.06244, 1147.256729, 31.79254848, 11.87131814, -0.65963308, -925.187394, -2.787214934, 7.8366830
nate-sudfeld-1,SudfNa00, 1.000000,2016,187,22,78,234,5.020000,29.00000,105.0000,4.534846,19.44370,7.460021,38, 983,135,  0.10763158, 2.60473684,116.21078,  721.190172,  9.29821477,  9.78260843, -8.12686261, -489.286109,  1.711657463, 9.2005502
nathan-enderle-1,EndeNa00, 0.000000,2011,160,23,76,240,5.120000,25.50000,102.0000,4.460000,20.00207,7.130000,46,1427,228,-10.80608696,-3.64608696, 91.67419,  -54.242157,-68.54943637,  1.97234163, 15.10673148,-1344.932454, -7.218650513, 6.1243929
nathan-peterman-1,PeteNa00, 2.000000,2017,171,23,74,226,4.820000,31.00000,110.0000,4.310000,18.69921,7.140000,35, 662,172,  7.12485714, 4.37142857,110.59627,  371.854397,  7.07270576, 11.88716035, -1.50304516, -277.790141, -3.116421728, 5.8807348
nathan-stanley-2,StanNa00, 0.000000,2020,244,23,76,235,4.810000,28.50000,108.0000,4.480000,19.53676,7.260000,44,1155,161, 13.30113636, 5.10590909, 96.57325, -304.973376,-20.61472263,  5.36077894, -7.46127657, -845.500371, -5.524364361,12.1713308
neil-odonnell-1,ODonNe00,35.000000,1990, 70,24,75,228,4.890000,32.50000,109.0000,4.030000,18.88533,6.798359,27, 658,196,  1.22481481, 5.59037037, 86.92925,  394.394259, 35.77698899, -1.10291688, -8.84793561, -709.632471, -4.535634589,11.3045568
nick-foles-1,FoleNi00,24.000000,2012, 88,23,77,244,5.140000,30.50000,112.0000,4.613282,20.37431,7.562822,36,1404,106,  4.51305556, 4.70000000,104.82510,  -56.003845, 96.74937680, -4.85465422, -9.04683893, -758.681621, -0.801660682,21.9839534
pat-barnes-1,BarnPa20, 0.000000,1997,110,22,75,215,4.602048,34.69976,117.9962,4.261658,17.67554,7.101975,40, 912,171,  0.49350000, 2.17450000,102.38219,  675.742686, 28.04366060,  8.77055757, -7.82373691,-1048.630610, -4.832641304,11.4393330
pat-white-1,WhitPa01, 0.000000,2009, 44,23,72,190,4.550000,35.00000,117.0000,4.420000,15.34901,7.060000,49, 783,684, 14.11122449, 1.61224490,128.40596,  549.858317, 46.28995654, 17.28305124, -2.35671831, 1584.232813, 17.780612440,19.3658724
patrick-mahomes-1,MahoPa00,75.000000,2017, 10,21,74,225,4.800000,30.00000,114.0000,4.080000,18.60615,6.880000,32,1349,308,  0.95875000, 2.63562500,140.25592, 1358.614360, 60.52579975, 21.59344067, -8.66645525, -592.956132,  7.460896551,48.0212861
patrick-ramsey-1,RamsPa00,14.000000,2002, 32,23,74,225,5.240000,33.50000,112.0000,4.090000,18.60615,7.120000,35,1355,152, -5.97057143,-2.60857143,112.63097, -240.253955, 54.95200251,  8.70505708,  2.64353246, -734.773653, -2.202454385, 3.6099374
paul-justin-1,JustPa00, 1.000000,1991,190,23,76,211,5.040000,27.50000,104.0000,4.360000,17.30329,7.230864,37, 753, 93,  3.75621622, 4.42864865, 94.99993,  473.761973, 14.38027770,  2.16218343, -7.18735637, -661.180492, -0.596048657, 3.2516375
paxton-lynch-1,LyncPa00, 2.000000,2016, 26,22,79,244,4.860000,36.00000,118.0000,4.260000,20.37431,7.140000,38,1205,288,  2.37078947,-2.23921053,110.43185,  108.924784, 43.98970258, -3.59920167,-11.47734948, -640.974710,  3.562552237,29.9243772
perry-klein-1,KleiPe20, 0.000000,1994,111,23,74,218,4.840000,32.50000,115.0000,4.200000,17.95472,7.021165,33,  55, 25,  9.99333333, 6.27000000,127.35835,  -60.060118, -0.31138949, -2.27224232, -0.33320279,  -92.684538,  0.066228566, 1.6181039
peter-tom-willis-1,WillPe00, 4.000000,1990, 63,23,74,188,4.455347,36.15029,120.5946,4.165770,15.16288,6.976302,34, 500, 46, 18.92588235, 5.04352941,152.35702,  775.447061, 34.92110855, 12.01823780, -6.47334324, -365.370710,  0.252011057, 8.6773550
peyton-manning-1,MannPe00,76.000000,1998,  1,22,77,230,4.683548,34.02558,116.7885,4.314930,19.07145,7.171794,45,1381,153, 17.15444444, 6.07200000,134.05613, 1480.157361,113.85900119, 23.88567733,-17.58601279, -796.957377,  5.889017932,43.2030991
philip-rivers-1,RivePh00,48.000000,2004,  4,22,77,228,5.080000,34.13978,116.9931,4.574064,18.88533,7.511422,49,1710,252,  8.74836735, 1.41306122,121.64674, 1484.072318,136.06645603, 14.10216781,-24.86692816, -930.953270,  6.384153456,56.4475214
quincy-carter-1,CartQu00,17.000000,2001, 53,23,74,213,4.580000,35.50000,113.0000,4.120000,17.48941,7.120000,29, 853,251,  8.03551724, 3.12379310,102.84574,  430.576664, 19.17850969, -4.96182440, -5.72961510, -385.213002,  1.031815980,13.3958670
randy-fasani-1,FasaRa00, 1.000000,2002,137,23,75,234,4.770000,31.50000,106.0000,3.870000,19.44370,6.750000,36, 369,127,  5.45944444, 5.08888889,112.72044,  403.071945,-14.38989288,  7.77745182, -2.00755412, -193.925823,  0.714738439,11.8553499
reggie-mcneal-1,McNeRe00, 0.000000,2006,193,22,74,200,4.400000,32.00000,121.0000,4.250000,16.27962,6.960000,42, 875,411,  4.19333333, 5.56047619,106.77568,  801.668202,-22.58840446,  1.76740020, -5.86035101,  187.216218, -2.025794004,10.9548109
rex-grossman-1,GrosRe00,16.000000,2003, 22,23,73,222,5.060000,34.11773,116.9536,4.560992,18.32696,7.494288,35,1110,119, 16.06942857, 5.86628571,131.41922, 1408.247960, 63.11945785, 24.21269145, -2.63449122, -617.808048,  0.947057289,17.4726417
rick-mirer-1,MireRi00,31.000000,1993,  2,23,75,210,4.574881,34.98525,118.5076,4.243901,17.21023,7.078702,46, 698,253, 18.79739130, 7.03782609,142.67466, 1157.062828,  4.02297724, 11.45061161, -6.65256805, -305.461391,  7.485400598,15.0055227
ricky-stanzi-1,StanRi00, 0.000000,2011,135,24,76,223,4.870000,32.50000,110.0000,4.430000,18.42003,6.950000,39, 907,160,  9.80461538, 1.27307692, 99.79457,  898.513096,  2.85662009, 10.16730468,  2.65532332, -707.220834, -5.234081362,10.7087842
rob-johnson-1,JohnRo00, 8.000000,1995, 99,22,76,204,4.542281,35.41901,119.2847,4.222593,16.65186,7.050775,47,1046,259, 10.46042553, 8.83936170,104.15383, 1139.300588,105.70230584, 11.22772116,-13.79892149,-1609.254011, -5.654760406,22.0060074
robert-griffin-iii-1,GrifRo01,35.000000,2012,  2,22,74,220,4.330000,39.00000,120.0000,4.083838,18.14084,6.868921,41,1192,528,  5.48853659, 4.46804878,122.77269, 1819.650375, 86.39643089, 16.59042736,-19.29431022,  -72.921359,  9.124753485,40.7295635
rodney-peete-1,PeetRo00,35.000000,1989,141,23,72,230,4.720000,29.00000,103.0000,4.530000,19.07145,7.453670,48,1081,290, 13.55750000, 8.18500000,105.74916,  794.265261, 54.90336902, 10.63069296, -8.21250274, -723.456817,  1.358008417,20.0670158
rohan-davey-1,DaveRo01, 0.000000,2002,117,24,74,245,4.740000,32.89560,114.7643,4.351829,20.46737,7.220154,23, 478, 65,  8.15000000, 5.12043478,104.64344, 1064.819910, 21.45427313,  6.16129977, -1.88932144, -181.587937, -2.674318290,11.0209020
russell-wilson-1,WilsRu00,85.000000,2012, 75,23,71,203,4.530000,34.00000,118.0000,4.090000,16.55880,6.970000,50,1489,441,  7.36500000, 2.30140000,119.94194, 1043.311449, 18.16242510, 33.10242662,-15.63053745, -522.351372,  3.037203118,29.7088426
ryan-finley-1,FinlRy00, 2.914725,2019,104,24,76,213,4.730000,30.50000,116.0000,4.200000,17.48941,7.200000,46,1461,214,  8.79108696, 2.38326087,110.43773,  344.847604, 69.19893158,-15.32065209, -9.78237498, -614.446856, -5.121461192, 6.5849757
ryan-leaf-1,LeafRy00, 1.000000,1998,  2,22,77,245,4.765049,33.16908,115.2542,4.368201,20.46737,7.241613,32, 880,173,  5.24812500, 3.20218750,121.37278, 1211.335687, -1.84917659, 17.12578823, -7.80706366, -864.404000,  7.037799198,24.8491365
ryan-mallett-1,MallRy00, 4.000000,2011, 74,23,78,240,5.370000,24.00000,103.0000,4.763618,20.00207,7.759855,37, 955,135, 12.05594595, 4.44729730,121.91478, 1544.588694,-16.05865343, 20.79880578, -5.77956500, -732.354888,  0.939140242, 5.7667732
ryan-nassib-1,NassRy00, 0.000000,2013,110,23,74,227,5.060000,28.50000,105.0000,4.530000,18.79227,7.340000,47,1312,242,  0.44510638, 0.36765957, 87.72923, -311.705214,  0.52720637,  1.51771748,-10.13692835, -912.161151, -6.045724007, 2.2508301
ryan-tannehill-1,TannRy00,55.000000,2012,  8,24,76,220,4.650000,34.50542,117.6481,4.293001,18.14084,7.143054,50, 774,115,  6.12760000, 4.81940000,117.50591, -142.398504, 17.48544960,  1.69746372, -1.69450026, -141.110830, -0.226580103, 4.7343864
sage-rosenfels-1,RoseSa00, 2.000000,2001,109,23,76,222,4.740000,34.00000,107.0000,4.290000,18.32696,7.070000,30, 587,164,  0.15233333, 2.86233333, 93.05206,   96.336521,-13.17671172, -8.82468243,  5.02245617,   10.052667,  7.325351741,11.4976080
sam-bradford-1,BradSa00,28.000000,2010,  1,22,76,236,4.790000,33.59182,116.0115,4.384510,19.62982,7.262988,31, 893, 77, 19.64096774, 4.79741935,164.44838, 2146.638508, 75.86809423, 43.51652640,-12.30829954, -296.630310,  1.596060852,32.5747147
sam-darnold-1,DarnSa00,27.000000,2018,  3,21,75,221,4.850000,26.50000,105.0000,4.400000,18.23390,6.960000,27, 846,137, 14.72925926, 6.02888889,114.67489,  972.833084, 48.00264800, 12.03328469, -1.16054117, -306.304431,  0.534441280,21.4808959
sam-howell-1,HoweSa00,12.389914,2022,144,21,73,218,4.618348,34.34613,117.3627,4.272313,17.95472,7.115939,37,1117,369,  5.74432432, 0.62324324,128.04959, 1883.446000, 29.13684456, 30.61216748, -5.71278279, -657.887449,  0.022386806,37.9639047
sammy-garza-1,GarzSa20, 1.000000,1987,216,22,73,184,4.433614,36.28753,120.8405,4.151564,14.79064,6.957683,46, 817,261,-13.04934783,-2.15869565, 86.64951,  529.424526, 44.47980025,  2.03020248,  8.82689761,-1078.259820,  2.863380800, 4.5748861
scott-covington-1,CoviSc00, 0.000000,1999,245,23,74,217,4.670000,34.00000,107.0000,4.420000,17.86166,7.309501,35, 497, 80,  7.58885714, 0.32057143,122.88039,  306.268315, 12.52465385,  2.23633522, -2.95566757, -562.992131, -1.153324397, 2.0528500
scott-mitchell-2,MitcSc00,11.000000,1990, 93,22,78,240,4.737882,33.54574,115.9289,4.350444,20.00207,7.218340,35,1165,141, -5.58742857,-2.73114286,130.15500,  852.974792, 47.69721630, 21.09669367,-14.83318110, -705.848676, -2.409420104,24.7018766
scott-secules-1,SecuSc00, 2.000000,1988,151,23,75,220,4.629215,34.41426,117.4847,4.279415,18.14084,7.125248,31, 464, 89,  1.62000000, 1.55419355, 97.65686,  216.478921, 13.53523464, -0.39574520, -6.07117944, -250.128306,  3.738347248,13.3471182
scott-zolak-1,ZolaSc00, 3.000000,1991, 84,23,77,230,5.010000,30.50000,105.0000,4.400000,19.07145,7.283289,23, 509, 79,  3.07217391, 6.39217391, 83.43283, -450.341868, -2.81335806, -9.96294142,  1.25537889, -561.017732, -2.086841034, 9.2563768
sean-mannion-1,MannSe00, 1.000000,2015, 89,23,78,229,5.140000,31.00000,105.0000,4.390000,18.97839,7.290000,47,1838,132,  3.35808511, 4.59659574, 99.06302,  267.052804, 85.58235378,-12.54101625,  1.57980695,-1403.994091, -4.100091606, 5.2787059
sean-renfree-1,RenfSe00, 0.000000,2013,249,23,75,219,4.760000,34.47136,117.5870,4.364901,18.04778,7.237288,42,1389,153, -3.83857143, 1.29142857, 93.23804, -589.912930, 61.41868328,-21.55487797, -0.65318672, -849.144976,  2.022289046, 8.0724464
seneca-wallace-1,WallSe00, 5.000000,2003,110,23,71,196,4.560000,38.00000,127.0000,4.140000,15.90737,6.980000,25, 712,237,  5.26800000, 3.81320000,102.03790,  296.687465, 15.41323786, -8.28681793,  2.32293477,  -58.508031,  4.942185189,10.3463306
shaun-king-1,KingSh00,18.000000,1999, 50,22,73,215,4.770000,33.00000,113.0000,4.290000,17.67554,7.139121,42,1201,369,  1.16952381,-2.18738095,117.66641,  147.573439, 18.94684791, 14.69971709, -9.49006782, -311.197224,  5.390764377,28.9153236
shawn-moore-1,MoorSh00, 1.000000,1991,284,23,74,213,4.591181,34.72279,118.0375,4.254556,17.48941,7.092666,38, 762,415,  8.90289474, 3.03131579,119.29767, 1292.155593, 13.65601163, 22.97331191, -1.59073958, -381.024863, 11.948602927,20.3448772
skylar-thompson-1,ThomSk00,16.233660,2022,247,25,74,217,4.910000,31.00000,112.0000,4.280000,17.86166,7.000000,45, 885,355,  5.43200000, 2.64111111, 96.39956,  491.018205, 14.52039764, -6.33390208, -6.96523843, -542.067919,  9.413538163, 5.9614190
spergon-wynn-1,WynnSp00, 2.000000,2000,183,22,75,226,4.910000,34.00000,108.0000,4.590000,18.69921,7.710000, 2,   1,  3, -0.04000000, 6.41000000, 84.24527,   -7.010039, -0.53341838, -0.04670253,  0.96375284,   -4.027399, -0.121230924, 8.2832123
stephen-mcgee-1,McGeSt00, 2.000000,2009,101,23,74,223,4.610000,33.00000,112.0000,4.490000,18.42003,7.340000,40, 815,387,  3.55425000, 2.97550000,107.53174, -255.216671,  5.50229853,-12.31204472,-13.65478208,  123.306529, -5.259281974, 8.4688285
steve-beuerlein-1,BeueSt00,15.000000,1987,110,22,75,220,5.100000,23.00000, 93.0000,4.630000, 3.00000,7.584732,42, 850,177, 10.91166667, 6.96976190,110.48166,  702.081069, 17.63585920, -7.20229156,  3.95150016, -748.548563, -4.154730196, 4.2740176
steve-matthews-1,MattSt00, 1.000000,1994,199,23,75,222,4.640081,34.30006,117.2802,4.286518,18.32696,7.134557,32, 560, 72,  7.43843750,-0.17843750,124.73193,   74.435122, 37.63514600,  6.77669682,  2.09251187, -675.684000, -1.676423049,10.4697999
steve-stenstrom-1,StenSt00, 6.000000,1995,134,23,74,206,5.080000,28.00000,100.0000,4.030000,16.83799,6.798359,44,1352,225,  7.83522727, 6.66931818,116.78367, 1239.242386,114.17906208, 11.84494595,-17.51336221,-1614.781893, -5.366939837, 5.7603123
stoney-case-1,CaseSt00, 2.000000,1995, 80,23,75,204,4.830000,30.50000,111.0000,4.250000,16.65186,7.086696,42,1237,436, -4.72928571,-2.82309524,113.67119,  823.053822,  5.23378218, 12.01688846,-10.79228713, -551.172799, 14.686554698, 9.4252739
tajh-boyd-1,BoydTa00, 0.000000,2014,213,23,73,222,4.840000,30.50000,106.0000,4.230000,18.32696,7.330000,47,1402,505, 11.26595745, 2.07021277,125.59789, 1715.556236, 56.28791762, 33.79955747, -1.03702640,-1110.726626,  2.768202640,17.8414119
tanner-lee-1,LeexTa00, 0.000000,2018,203,23,76,218,4.980000,32.00000,115.0000,4.410000,17.95472,7.000000,31,1040, 89, -7.02806452, 2.20580645, 72.14070, -851.093748,-41.24736215, -8.27556967,  7.98833042, -795.207253, -2.138337296, 0.6721086
tarvaris-jackson-1,JackTa00,14.000000,2006, 64,23,74,226,4.690000,31.50000,107.0000,4.380000,22.00000,7.400000,11,  48, 21,  9.80363636, 5.05181818, 95.71579, -140.238657, -9.65865017, -1.30771608,  1.34418972,  -88.116775, -0.895127146,10.4572162
teddy-bridgewater-1,BridTe00,23.000000,2014, 32,21,74,214,4.619093,30.00000,113.0000,4.200000,17.58248,7.170000,39,1142,226,  6.08333333,-2.58000000,101.96083, 1507.362948, 93.23627738, 12.34954565, -8.49440493, -845.795311, -4.361420102,35.2964276
tee-martin-1,MartTe00, 0.000000,2000,163,22,74,225,4.580000,34.50000,113.0000,4.247247,18.60615,7.083088,38, 588,204, 19.02236842, 5.37894737,130.33958,  410.442609,  6.13451966,  4.09103876, -5.29782148, -190.845685,  8.003160993,20.4921066
tim-couch-1,CoucTi00,33.000000,1999,  1,22,76,220,5.080000,31.00000,111.3685,4.340000,18.14084,7.204652,29,1184,154,  3.06241379, 5.16448276,111.68643,  -79.258123,153.66773721, 16.59323057, -7.45589774, -886.367000, -2.098006054,21.3296944
tim-rattay-1,RattTi00, 9.000000,2000,212,23,72,200,4.910000,25.50000,100.0000,4.210000,16.27962,7.340000,33,1552,153,  1.29666667,-3.87454545,143.06523, 1673.042546,171.30001942, 40.60826808,-20.95315412, -708.686629, -4.050024411,21.9266626
tim-tebow-1,TeboTi00,12.000000,2010, 25,23,74,236,4.710000,38.50000,115.0000,4.170000,19.62982,6.660000,55, 995,692, 21.11454545, 6.18854545,142.01057, 2266.353347, 72.48852310, 38.72878204,-15.30627233,  -31.463470, 26.722183250,31.0635662
tj-rubley-1,RublTJ00, 5.000000,1992,228,23,75,212,4.880000,27.00000,104.2030,4.220000,17.39635,7.047377,47,1336,205, -3.22191489,-1.79063830, 95.46745,   26.305269,-30.09076853, 17.56167059, -6.09890874,-1059.685807, -6.755238873, 1.8258324
todd-collins-1,CollTo00, 9.000000,1995, 45,23,76,225,5.070000,30.00000,111.0000,4.340000,18.60615,7.204652,48, 711,101, 17.97500000, 7.07750000,134.13155,  857.295003, 67.79017164,  4.60645372, -8.01158124, -561.695723, -2.825442905, 8.3511298
todd-husak-1,HusaTo20, 0.000000,2000,202,22,75,216,5.200000,27.50000, 99.0000,4.410000,17.76860,7.170000,36, 872, 99,  3.47888889, 5.04972222,104.76913,  338.141799, -8.47913672, -0.62203080, -7.50246651, -527.179696, -0.890259905, 3.2445626
todd-marinovich-1,MariTo00, 3.000000,1991, 24,22,76,215,4.602048,34.79092,118.1595,4.261658,17.67554,7.101975,25, 674,120, 14.73200000, 7.17720000,111.88328,  246.600682, 52.29140808,  0.05843377, -4.32441905, -626.182221,  2.356899817,24.7460353
tom-brady-1,BradTo00,52.000000,2000,199,23,76,225,5.280000,24.50000, 99.0000,4.380000,18.60615,7.200000,29, 638, 90, 15.00724138, 5.68620690,109.58926,  226.594958, 48.11653048, -0.34818154, -6.08906032, -504.635999, -0.516025619, 9.3743870
tom-brandstater-1,BranTo00, 0.000000,2009,174,24,77,215,4.870000,28.50000,106.0000,4.370000,17.67554,6.930000,45, 989,132, -0.61644444,-2.85777778,113.85588,  -87.948744,  0.87463729, -2.16780715, -0.02857537, -410.868562,  2.312580540, 1.7455136
tom-savage-1,SavaTo00, 3.000000,2014,135,24,76,228,4.970000,27.00000,105.0000,4.360000,18.88533,7.330000,31, 757,167,  2.70580645, 0.49580645, 93.78209,  204.842598,-21.04182110, -1.45909728, -3.73851759,-1067.923822, -3.687502451, 2.7524532
tom-tupa-1,TupaTo20, 0.000000,1988, 68,22,76,225,4.656382,34.21992,117.1366,4.297173,18.60615,7.148521,36, 304, 99, 13.17250000, 5.73083333,109.31921,  175.996990, 10.08838967,  3.03686950, -2.55493569, -317.776774,  0.357518288,20.7126518
tommy-hodson-1,HodsTo00, 4.000000,1990, 59,23,75,195,4.493381,35.84175,120.0419,4.190630,15.81431,7.008884,44,1163,144, 12.68500000, 5.85500000,109.93928, 1051.434092, 52.70707910, 21.45538570,-12.44291841, -745.328435, -3.424457651,15.9588194
tommy-maddox-1,MaddTo00, 2.000000,1992, 25,21,76,220,4.629215,34.50542,117.6481,4.279415,18.14084,7.125248,23, 670,167,  9.65173913, 6.56739130,114.55796,  673.058152, 32.16980037,  3.78640069,  1.63828124, -542.204182, -2.373778750,21.7160627
tony-banks-1,BankTo00,38.000000,1996, 42,23,76,230,4.930000,33.93442,116.6252,4.550000,19.07145,7.479882,20, 496,139,  7.71850000, 8.48350000, 99.70429,  674.938217, 28.95973908, -2.86795962,  2.21598579, -587.242077, -2.402171579,11.0906270
tony-graziani-1,GrazTo00, 3.000000,1997,204,23,74,210,4.574881,34.89409,118.3443,4.243901,17.21023,7.078702,24, 666,126,  7.66625000, 3.16083333,114.84729, -155.948136, -2.61883098, -6.68499359, -6.83770760, -176.877825, -0.048878202, 8.1185139
tony-pike-1,PikeTo00, 0.000000,2010,204,24,77,212,4.900000,28.50000,108.0000,4.530000,17.39635,7.060000,27, 682, 94, 10.43185185, 0.66000000,119.68561,  178.626874, 17.30546077, 15.25791985, -1.18919798, -281.213467, -1.202815950,10.3372870
tony-sacca-1,SaccTo00, 0.000000,1992, 46,22,77,230,4.860000,29.50000,107.0000,4.210000,19.07145,7.034271,45, 824,227, 13.41244444, 5.52111111,110.02112,   98.315041,-40.10602515,  5.63951258,-11.57412988, -769.603349, -2.648736721,17.5070400
trace-mcsorley-1,McSoTr00, 1.679239,2019,197,24,72,202,4.570000,33.00000,115.0000,4.120000,16.46574,7.090000,46,1215,473, 15.21869565, 5.43456522,121.81670,  910.028700, -2.21555388, 11.85661033, -8.07466788, -504.744251,  7.555517400,10.8415339
trent-dilfer-1,DilfTr00,37.000000,1994,  6,22,76,225,4.656382,34.21992,117.1366,4.297173,18.60615,7.148521,34, 865,151,  6.64941176,-3.75558824,169.80438, 1587.278455, 42.50068741, 15.34085647,-13.45480030, -444.719514,  2.450701586,20.0886443
trent-edwards-1,EdwaTr01,17.000000,2007, 92,23,76,231,4.760000,33.87732,116.5229,4.460000,19.00000,7.140000,35, 865,226, -0.40428571, 6.48485714, 73.69621, -695.985363,-11.06028426, -5.90309683,  4.40968940, -736.665343, -7.285011476, 9.6740415
trent-green-1,GreeTr00, 0.000000,1993,222,23,75,217,4.920000,32.50000,116.0000,4.200000,17.86166,7.021165,45, 755,305,  3.77377778, 1.61911111,101.08795,  174.648505, 17.78228216, -8.93278496, -1.03333004, -689.169512,  8.646838419,11.0588443
troy-aikman-1,AikmTr00,54.000000,1989,  1,22,76,219,4.623781,34.56252,117.7503,4.275864,18.04778,7.120594,48, 694,218, 17.83250000, 4.87250000,135.50691, 1003.835216, 71.83428021, 14.29942937,-11.20087508, -755.977263, -5.090084975,21.8449265
troy-smith-1,SmitTr02, 6.000000,2007,174,23,72,225,4.720000,33.85527,116.4834,4.338756,18.60615,7.203021,32, 670,290, 18.34468750, 5.18187500,123.39111,  980.015478, 30.88102496, 21.37274383, -9.26463469,  -47.419509,  2.077207610,23.7380862
troy-taylor-1,TaylTr00, 0.000000,1990, 84,22,76,200,4.730000,33.50000,116.0000,4.130000,16.27962,6.929421,44,1162,328,  0.39000000, 6.62000000, 79.60615,   49.328587, 62.60187489,  3.41093032, -7.23958015,-1190.460187,-10.430629670,13.7954549
tua-tagovailoa-1,TagoTu00,40.279130,2020,  5,22,72,217,4.612915,34.31207,117.3017,4.268761,17.86166,7.111285,32, 684,107, 23.10437500, 5.26312500,151.44591, 2342.252609, 62.13864008, 49.61637332, -6.93096795, -154.400788,  3.954015309,36.5418184
ty-detmer-1,DetmTy00,10.000000,1992,230,24,72,189,4.460781,35.91087,120.1658,4.169321,15.25594,6.980956,48,1530,265,  9.56250000, 0.42750000,152.20686, 4291.024608,137.46919788, 55.21571834, -1.09952582,-1415.413031,  3.872317094,15.8200838
tyler-wilson-1,WilsTy00, 0.000000,2013,112,24,74,215,4.950000,28.50000,112.0000,4.390000,17.67554,7.220000,37, 948,110,  9.68756757, 5.04081081,113.84900,  894.404018, 20.62540442,  2.53985229, -0.86123450, -533.943066, -0.992258929, 3.0443476
tyrod-taylor-1,TaylTy00,15.000000,2011,180,22,72,221,4.470000,37.50000,126.0000,4.090000,18.23390,6.780000,50, 865,501, 13.83860000, 3.38880000,106.97562,  854.931652,-18.99908058,  0.32564695, -7.13034056,    4.241603,  0.504992923,25.7668024
vince-young-1,YounVi00,33.000000,2006,  3,23,77,230,4.480000,34.02558,116.7885,4.181884,19.07145,6.997421,37, 718,457, 20.00486486, 4.39297297,159.69841,  965.381992, 31.56037718,  9.41792112,  4.42769980, 1233.125324, 18.100712183,32.9576886
vinny-testaverde-1,TestVi00,32.000000,1987,  1,23,74,248,4.750000,32.72430,114.4574,4.358365,13.00000,7.228721,45, 674,125, 15.29444444, 5.05822222,136.91080, 1438.370512, 50.69649987, 21.11646473, -6.24694318, -800.790685,  3.619911654,22.4941444
wally-richardson-1,RichWa00, 0.000000,1997,234,23,76,225,4.950000,31.00000,109.0000,4.470000,18.60615,7.375033,45, 692, 81, 17.18511111, 5.24644444,145.84957, -398.494780,  3.50566902, -4.68883025,-11.87037424, -564.598295, -2.224937001, 1.0389846
will-furrer-1,FurrWi00, 1.000000,1992,107,24,75,210,4.880000,32.00000,106.0000,4.460000,17.21023,7.361926,34, 920,127,  3.72647059, 3.92176471, 86.54473, -516.381899,  2.51935253,  3.80951293,  6.13289804, -638.776266, -3.900350170, 2.3465413
will-grier-1,GrieWi00, 1.679239,2019,100,24,74,217,4.840000,34.00000,112.0000,4.280000,17.86166,7.090000,28, 945,147,  8.91928571, 3.77714286,118.24279, 1577.875188, 58.32083134, 30.51968650, -2.76451715, -531.898684,  0.111876685, 9.9397904
zac-dysert-1,DyseZa00, 0.000000,2013,234,23,75,231,4.810000,33.78616,116.3596,4.397583,19.16452,7.280121,46,1672,461, -9.79217391,-3.43782609, 73.15038,  -78.767640, 61.81435466,-13.16596965,  2.02445112,-1380.299668, -8.917873852, 7.9735517
zach-mettenberger-1,MettZa00, 1.000000,2014,178,23,77,224,4.650948,34.36818,117.4022,4.293621,18.51309,7.143867,30, 659, 83, 16.27700000, 5.11866667,114.65754,  979.427503, 10.44931418,  0.50347868, -3.73419035, -690.111850, -3.850306783,20.1059004
